index,identifier,prepositions,conjunctions,determiners,pronouns,auxiliary_verbs,adverbs,qualifiers,older_particles,word_length,TTR,sentence_len,mtld,noun_ratio,verb_ratio,adj_ratio,adv_ratio,pron_ratio,1-4%,5-8%,9+%,.,",",!,?,:,;,-,(,),[,],"""",in ,n t, th,the,he , be,ing,ng ,ed ,d t,e h, he,en , an,and,nd ,ear,th , wa, wi,wit,ith,tho,hou,ut , fo,for,", a",on ,e f,e o, of,of ,f t,e s,it ,t o,e w, sa,"d, ",t t,her,ere,re ,be ,", t",tha,hat,at , it,all,e c,e t,st ,e a, a , in,"s, ", ma, wh, un,er ,r t,ve , so, se, to,unt,nto,to ,"e, ",d a,d h, hi,his,is ,hem,or , al,our, ha,l t,hal,ll ,n o,s o,o t,ou , sh,sha, no, co
0,Genesis_1,0.088972431,0.121553885,0.170426065,0.060150376,0.036340852,0.006265664,0.001253133,0.002506266,3.968671679,0.189223058,123.8181818,26.13996221,0.234527687,0.144408252,0.043431053,0.016286645,0.055374593,0.69924812,0.28320802,0.01754386,33,68,0,0,17,6,0,0,0,0,0,0,15,24,144,127,114,16,37,34,20,36,8,17,9,97,99,99,24,21,28,2,1,1,1,1,1,19,12,41,12,24,6,20,20,15,10,19,10,13,18,20,15,14,15,16,9,2,14,15,16,18,8,3,22,5,8,2,13,8,10,9,4,27,11,8,7,13,13,2,2,13,9,2,5,10,9,13,8,6,3,3,6,4,2,4,3,1,1,2,1,1,,
1,Genesis_2,0.12164297,0.101105845,0.161137441,0.086887836,0.052132701,0.020537125,0,0,3.772511848,0.301737757,140.6363636,35.73638924,0.230225989,0.134180791,0.040960452,0.02259887,0.06920904,0.747235387,0.236966825,0.015797788,22,32,0,0,12,10,0,0,0,0,0,0,7,12,108,95,86,11,3,2,17,32,12,18,8,59,61,64,6,12,8,3,,,4,5,9,15,12,20,4,11,14,38,39,23,10,10,14,9,5,8,10,15,16,15,3,4,10,12,12,13,12,2,12,10,7,8,10,3,20,14,3,8,2,3,1,5,15,3,6,18,3,10,8,14,10,23,3,6,6,2,7,3,6,12,3,1,5,4,9,7,8,3
2,Genesis_3,0.123563218,0.091954023,0.11637931,0.113505747,0.058908046,0.010057471,0,0.002873563,3.75862069,0.290229885,213.1875,32.11091659,0.249686324,0.148055207,0.051442911,0.027603513,0.065244668,0.770114943,0.216954023,0.012931034,16,58,0,5,8,14,0,0,0,0,0,0,8,10,132,90,82,17,7,5,14,30,4,20,10,57,61,59,3,10,12,9,2,3,22,22,5,11,11,23,1,7,13,39,40,26,20,8,14,16,18,18,22,13,7,6,5,10,8,10,19,8,16,2,21,19,7,2,8,6,8,11,14,5,2,6,4,9,14,14,14,24,10,11,12,9,8,10,4,6,8,1,9,5,19,18,4,7,13,20,23,19,6,5
3,Genesis_4,0.118483412,0.107424961,0.102685624,0.064770932,0.052132701,0.011058452,0.001579779,0.001579779,3.906793049,0.344391785,118.9259259,36.3808285,0.246612466,0.14498645,0.052845528,0.024390244,0.079945799,0.755134281,0.213270142,0.031595577,27,45,0,6,14,10,2,0,0,0,0,0,22,13,69,59,53,13,6,4,10,12,7,13,8,66,66,67,7,9,10,7,1,1,10,11,4,2,4,15,4,10,12,28,25,16,9,5,5,7,9,13,9,18,5,10,7,7,5,7,10,4,14,6,8,8,11,13,9,5,4,9,14,16,2,7,3,8,12,16,14,25,2,10,10,25,17,20,,2,4,,12,1,11,12,2,5,5,10,19,11,7,5
4,Genesis_5,0.041584158,0.2,0.051485149,0.071287129,0.02970297,0.001980198,0,0,4.299009901,0.192079208,211.2307692,28.52676475,0.206239168,0.164644714,0.060658579,0.006932409,0.062391681,0.592079208,0.366336634,0.041584158,13,26,0,0,30,4,0,0,0,0,0,0,4,4,29,21,40,29,2,1,53,14,13,23,9,100,96,96,28,7,4,2,2,2,,,,2,3,20,1,,1,14,14,2,3,,,1,2,,,,11,11,,1,2,3,29,,13,3,2,,2,2,4,19,8,2,,10,,10,11,12,2,,,,,33,16,6,6,7,3,1,9,2,4,9,6,10,,13,,,2,1,5,2
5,Genesis_6,0.151724138,0.082758621,0.120689655,0.106896552,0.055172414,0.006896552,0,0.005172414,3.894827586,0.331034483,139.4285714,39.89619144,0.233979136,0.128166915,0.046199702,0.026825633,0.067064083,0.717241379,0.260344828,0.022413793,21,52,0,0,3,15,0,0,0,0,0,0,12,16,111,74,48,13,10,9,11,22,3,7,8,45,45,43,17,21,9,20,12,12,14,13,3,12,9,21,7,6,4,33,32,8,5,14,2,5,6,14,12,5,7,9,4,10,11,11,13,13,15,3,11,1,13,4,12,6,14,7,6,7,7,4,8,2,10,5,7,16,4,2,4,8,7,14,10,8,13,,5,1,17,17,3,11,9,10,18,17,8,9
6,Genesis_7,0.148717949,0.109401709,0.167521368,0.064957265,0.030769231,0.005128205,0,0,3.979487179,0.28034188,142.9047619,28.3032119,0.222222222,0.112592593,0.047407407,0.017777778,0.038518519,0.721367521,0.244444444,0.034188034,21,54,0,0,4,9,0,0,0,0,0,0,13,23,105,83,73,8,11,9,15,24,4,3,7,62,66,63,18,16,18,10,3,3,2,3,1,13,8,30,15,12,7,34,33,11,6,3,,15,2,8,5,2,14,14,,11,13,13,14,3,11,4,6,2,16,,20,9,8,5,5,6,3,4,5,9,4,6,9,13,8,8,10,16,10,11,2,2,14,,5,7,1,13,,7,6,2,3,1,15,6
7,Genesis_8,0.134582624,0.103918228,0.166950596,0.044293015,0.028960818,0.00681431,0,0.003407155,3.955706985,0.325383305,200.0666667,29.90989688,0.218795888,0.118942731,0.052863436,0.033773862,0.042584435,0.696763203,0.275979557,0.02725724,15,55,0,0,8,13,0,0,0,0,0,0,17,18,95,83,82,4,15,9,21,18,2,16,6,62,59,63,15,27,14,15,5,6,1,1,4,21,15,28,10,11,6,34,26,21,12,2,5,12,4,6,4,7,10,10,1,6,6,7,7,2,5,3,9,5,16,4,14,4,5,6,7,11,6,6,6,13,9,10,7,13,4,9,9,13,6,8,,4,6,1,4,3,1,5,2,5,3,,2,1,11,4
8,Genesis_9,0.130500759,0.104704097,0.128983308,0.083459788,0.083459788,0.004552352,0,0.001517451,3.936267071,0.291350531,139.5833333,31.29547086,0.200527704,0.146437995,0.035620053,0.017150396,0.080474934,0.690440061,0.285280728,0.024279211,24,50,0,0,7,16,0,0,0,0,0,0,7,10,81,73,61,28,11,9,11,15,8,10,14,69,72,71,15,18,5,19,11,13,1,2,3,8,6,24,10,10,4,37,36,14,9,3,6,5,8,8,5,13,10,15,16,7,10,11,15,5,26,8,12,4,12,9,7,3,9,8,6,11,3,2,5,8,11,5,6,12,3,10,12,13,13,22,6,4,10,4,10,6,16,33,3,8,1,5,23,16,12,9
9,Genesis_10,0.112903226,0.173387097,0.110887097,0.028225806,0.02016129,0,0,0,4.302419355,0.358870968,115.25,16.58387065,0.280757098,0.061514196,0.034700315,0.011041009,0.039432177,0.610887097,0.356854839,0.032258065,24,90,0,0,9,13,0,1,1,0,0,0,10,12,75,75,51,12,3,2,3,24,2,3,9,87,90,88,3,4,7,,,,3,3,2,2,5,73,1,5,1,27,27,7,14,1,3,6,6,5,1,5,9,14,1,2,1,2,8,1,2,7,10,2,9,4,10,8,3,2,7,16,11,,14,2,7,11,7,10,9,10,7,7,6,7,5,1,4,,8,2,,2,3,15,1,3,8,3,2,2
10,Genesis_11,0.085667216,0.153212521,0.072487644,0.065897858,0.02800659,0.008237232,0,0.001647446,4.143327842,0.26523888,128.92,25.53571429,0.214084507,0.146478873,0.050704225,0.022535211,0.064788732,0.607907743,0.364085667,0.02800659,25,50,0,0,15,9,0,0,0,0,0,0,7,8,79,71,45,33,1,1,34,40,4,9,4,91,92,95,24,3,4,6,1,1,,,1,8,5,29,5,6,7,23,22,6,3,2,1,3,10,4,7,10,8,7,2,6,2,2,29,2,5,7,9,1,6,4,6,18,4,5,3,18,5,5,14,7,15,2,3,10,6,21,4,6,7,9,9,6,4,5,13,3,2,5,2,6,5,,5,,5,2
11,Genesis_12,0.117318436,0.109869646,0.094972067,0.113594041,0.055865922,0.011173184,0.001862197,0.003724395,3.918063315,0.348230912,160.6470588,36.58685908,0.192982456,0.165869219,0.052631579,0.033492823,0.090909091,0.748603352,0.227188082,0.024208566,17,47,0,3,14,6,2,0,0,0,0,0,7,13,91,61,43,11,4,3,15,17,5,15,10,56,63,58,5,6,10,18,3,3,6,9,3,4,7,24,5,2,6,13,13,5,4,4,3,11,14,8,11,14,7,6,3,7,14,15,16,4,10,1,11,4,6,6,11,7,4,8,13,4,4,5,7,4,11,15,19,28,10,11,13,14,11,14,2,3,7,2,12,3,6,20,2,2,8,5,12,6,3,7
12,Genesis_13,0.135371179,0.093886463,0.120087336,0.085152838,0.041484716,0.032751092,0.006550218,0,3.906113537,0.379912664,145.125,36.56680411,0.219512195,0.120075047,0.041275797,0.052532833,0.052532833,0.720524017,0.253275109,0.026200873,16,45,0,1,7,5,2,0,0,0,0,0,13,9,86,71,48,16,2,,16,14,6,10,18,40,49,46,3,5,8,10,2,2,5,5,2,5,8,19,2,2,4,17,17,8,2,3,4,8,2,7,11,16,11,11,3,6,6,6,8,5,6,2,10,3,8,2,11,4,4,8,7,2,4,2,8,7,10,7,8,15,10,8,6,9,6,8,2,6,8,2,7,7,1,13,7,1,14,5,1,1,6,2
13,Genesis_14,0.141680395,0.116968699,0.110378913,0.077429984,0.034596376,0.008237232,0.001647446,0,4.15815486,0.349258649,170.4736842,27.15155456,0.235294118,0.117647059,0.054621849,0.021008403,0.06022409,0.690280066,0.273476112,0.036243822,19,72,0,0,4,8,3,1,1,0,0,0,15,9,95,83,61,5,28,24,15,35,5,12,8,72,73,72,6,15,5,14,10,11,1,3,2,4,2,44,2,2,5,43,43,5,3,1,3,11,8,8,10,9,8,7,2,5,12,12,12,1,7,4,11,8,9,2,14,10,4,11,5,10,2,7,9,5,11,8,6,13,5,9,11,18,8,16,7,3,9,2,10,6,,9,2,6,6,1,8,3,2,2
14,Genesis_15,0.099576271,0.101694915,0.122881356,0.091101695,0.05720339,0.012711864,0.002118644,0.01059322,3.947033898,0.394067797,161.3333333,32.56608366,0.191413238,0.14490161,0.062611807,0.033989267,0.075134168,0.709745763,0.26059322,0.029661017,15,58,0,2,7,6,0,0,0,0,0,0,9,11,78,50,45,11,9,6,10,18,5,16,6,46,46,42,5,5,2,4,2,3,6,7,6,7,4,26,4,3,4,14,14,9,10,5,3,2,12,17,7,6,1,,5,7,8,9,13,5,13,4,12,2,7,13,12,15,1,6,9,8,3,5,1,7,9,10,9,16,5,11,12,10,4,8,5,3,2,2,2,4,15,17,,3,5,5,16,14,7,5
15,Genesis_16,0.118644068,0.089588378,0.08716707,0.08716707,0.060532688,0.004842615,0,0.00968523,3.973365617,0.368038741,125.0588235,45.18678855,0.232989691,0.164948454,0.043298969,0.020618557,0.107216495,0.711864407,0.259079903,0.02905569,17,34,0,3,7,7,2,0,0,0,0,0,12,7,43,27,36,17,2,1,11,10,6,23,9,37,38,36,6,6,7,11,2,3,4,4,1,6,3,8,1,5,4,10,10,5,6,5,,6,20,12,4,19,4,6,6,5,6,8,6,4,7,3,4,4,9,4,10,2,10,9,10,15,1,3,3,3,8,11,10,17,3,7,9,8,5,7,,2,2,1,21,1,4,9,1,1,4,3,15,4,3,3
16,Genesis_17,0.110294118,0.1,0.070588235,0.091176471,0.102941176,0.005882353,0,0.004411765,4.064705882,0.25,147.75,42.7902686,0.220663265,0.169642857,0.048469388,0.015306122,0.090561224,0.702941176,0.258823529,0.038235294,24,62,1,2,5,10,0,0,0,0,0,0,17,11,76,48,28,28,11,9,17,14,6,17,12,65,61,61,12,12,7,27,11,12,7,13,5,13,16,27,5,5,2,22,20,7,10,1,4,2,14,9,4,12,5,6,15,8,10,11,12,1,25,7,11,1,16,10,15,1,12,8,10,12,6,7,6,10,6,9,9,13,18,20,5,27,17,27,,9,6,3,5,5,22,40,3,8,6,8,23,22,3,14
17,Genesis_18,0.107142857,0.09562212,0.08640553,0.088709677,0.084101382,0.028801843,0.002304147,0.013824885,3.906682028,0.301843318,163.2222222,49.1255855,0.170923379,0.173870334,0.055992141,0.05697446,0.074656189,0.714285714,0.256912442,0.028801843,27,84,0,9,16,12,0,0,0,0,0,0,13,12,119,94,79,24,13,11,14,25,7,29,12,80,78,85,8,8,8,30,8,8,5,7,4,18,19,29,6,14,5,16,16,6,22,7,1,10,42,35,14,20,18,23,13,6,10,11,14,12,19,8,30,4,12,9,10,,7,11,16,11,12,9,8,5,18,14,15,28,8,13,21,17,7,12,6,11,8,5,14,5,15,34,1,5,9,5,17,15,17,5
18,Genesis_19,0.124436429,0.091974752,0.101893598,0.090171326,0.039675383,0.017132552,0,0.006311993,3.869251578,0.275924256,164.4705882,42.44740698,0.192484663,0.13803681,0.040644172,0.042944785,0.098159509,0.761947701,0.209197475,0.028854824,34,115,0,3,18,21,1,1,1,0,0,0,21,24,183,147,109,20,14,11,32,37,9,22,24,96,99,100,9,20,5,27,12,16,12,16,17,11,15,46,13,12,11,30,30,16,15,5,10,11,19,16,13,24,14,18,4,17,14,16,19,6,15,18,31,9,14,10,30,11,14,21,22,14,9,5,18,10,22,24,24,42,16,8,20,27,25,34,16,12,12,9,17,8,2,20,3,7,17,11,12,3,17,8
19,Genesis_20,0.114228457,0.096192385,0.064128257,0.122244489,0.056112224,0.018036072,0,0.01002004,4.028056112,0.380761523,162.4375,41.34569659,0.216582064,0.155668359,0.055837563,0.03891709,0.10998308,0.723446894,0.23246493,0.044088176,16,50,0,5,10,8,0,0,0,0,0,0,8,6,69,40,30,10,7,3,13,10,3,16,6,40,45,43,6,4,2,13,3,4,17,19,4,7,11,18,2,3,2,15,14,4,7,2,2,5,20,10,12,17,6,12,1,6,8,11,13,2,10,1,12,9,4,9,12,5,4,8,12,6,3,4,4,2,12,13,12,19,11,12,8,10,11,22,1,7,8,2,11,4,5,10,,2,2,13,17,5,8,4
20,Genesis_21,0.134193548,0.096774194,0.098064516,0.086451613,0.046451613,0.014193548,0.001290323,0,3.956129032,0.303225806,120.1212121,43.47169811,0.213169643,0.1640625,0.046875,0.0234375,0.087053571,0.731612903,0.225806452,0.042580645,33,64,0,3,9,9,4,0,0,0,0,0,18,13,97,67,63,16,9,5,17,19,10,24,11,67,73,69,10,17,15,19,10,11,7,9,5,8,11,29,10,1,14,33,32,15,17,5,5,7,27,17,13,20,10,11,4,6,14,20,23,6,10,9,10,9,9,15,16,2,8,14,19,14,4,9,17,11,11,18,19,27,12,19,17,20,13,15,5,10,4,2,23,6,4,12,6,7,6,7,18,4,9,4
21,Genesis_22,0.111111111,0.119047619,0.09047619,0.074603175,0.042857143,0.015873016,0,0.006349206,3.919047619,0.336507937,168.9473684,38.35027525,0.208389716,0.159675237,0.043301759,0.037889039,0.081190798,0.720634921,0.266666667,0.012698413,19,70,0,1,10,10,3,0,0,0,0,0,10,11,87,66,50,15,15,9,13,22,5,14,4,74,76,77,4,8,2,9,4,6,6,6,3,8,8,41,9,4,8,29,18,10,12,6,10,8,18,19,4,17,8,9,2,6,6,6,7,6,7,,12,5,10,8,10,5,1,7,9,8,6,2,15,7,19,11,10,18,4,14,18,30,21,24,2,7,5,,12,4,3,10,3,2,8,6,6,3,5,2
22,Genesis_23,0.164814815,0.061111111,0.131481481,0.088888889,0.046296296,0.001851852,0,0.001851852,3.925925926,0.277777778,195.5714286,35.82550695,0.20355412,0.137318255,0.056542811,0.019386107,0.085621971,0.72037037,0.25,0.02962963,14,46,0,1,11,8,1,0,0,0,0,0,16,15,82,63,55,7,9,4,14,12,5,23,9,33,36,36,8,7,4,9,5,5,3,4,4,10,14,10,13,8,15,40,40,12,12,6,3,3,13,8,6,6,13,13,1,4,11,13,15,7,6,12,10,2,9,10,16,2,10,7,8,3,2,13,6,3,6,8,8,14,6,14,3,11,7,14,1,8,4,6,2,4,2,8,10,8,3,3,5,2,1,1
23,Genesis_24,0.113373693,0.100165107,0.084755091,0.087506879,0.042377545,0.01210787,0.001651073,0.00495322,3.867914144,0.201981288,158.2586207,36.37735408,0.213655365,0.160241523,0.0408732,0.024616814,0.109614491,0.743533297,0.239955971,0.016510732,58,198,0,7,31,21,1,0,0,0,0,0,15,22,233,169,166,31,29,17,36,53,23,75,21,178,193,185,13,24,29,38,11,13,28,39,11,21,26,85,18,7,7,48,47,20,43,8,4,34,46,47,38,70,13,24,10,26,24,34,31,7,15,20,39,7,13,16,19,23,45,28,44,72,13,13,18,24,53,43,42,86,28,12,39,43,36,41,4,17,13,2,40,10,16,37,7,14,23,21,46,15,15,12
24,Genesis_25,0.103253182,0.132956153,0.084865629,0.052333805,0.031117397,0.00990099,0.001414427,0.002828854,4.158415842,0.356435644,135.3928571,30.60351245,0.227967098,0.142185664,0.047003525,0.022326675,0.071680376,0.652050919,0.314002829,0.033946252,28,76,0,2,18,16,2,0,0,0,0,0,10,8,88,76,62,13,4,4,22,25,6,18,10,90,88,87,8,2,14,7,2,2,1,1,3,3,6,42,4,8,8,30,30,7,19,3,1,11,9,15,5,14,10,24,4,6,6,6,11,2,11,6,15,4,11,5,8,5,7,11,9,14,8,8,15,5,18,11,9,21,7,8,16,23,22,23,2,2,4,,9,4,4,11,6,14,5,1,12,6,1,3
25,Genesis_26,0.129213483,0.11011236,0.087640449,0.094382022,0.056179775,0.015730337,0.001123596,0.002247191,4.017977528,0.297752809,164.7142857,40.99394613,0.201737452,0.16023166,0.047297297,0.032818533,0.095559846,0.716853933,0.251685393,0.031460674,28,78,0,3,18,14,2,0,0,0,0,0,18,17,131,110,78,20,11,8,42,31,9,23,10,92,93,90,8,18,11,25,9,10,6,8,3,18,19,42,5,7,11,33,32,10,14,5,,11,24,20,13,23,11,11,5,5,11,13,14,5,19,10,14,5,8,9,17,9,6,11,17,9,9,13,2,15,16,19,17,29,19,15,22,25,16,23,8,15,7,2,18,7,4,22,8,8,6,5,12,4,9,6
26,Genesis_27,0.098178939,0.09976247,0.057798892,0.098178939,0.058590657,0.008709422,0.002375297,0.007917656,3.786223278,0.22327791,173.2121212,35.56323263,0.205196536,0.171219187,0.050632911,0.035309793,0.126582278,0.749010293,0.235154394,0.015835313,33,149,0,12,24,15,0,0,0,0,0,0,4,6,132,113,78,25,24,16,22,18,13,54,15,121,127,121,13,17,2,14,6,6,15,17,6,8,17,54,12,10,7,37,36,13,26,13,5,7,39,31,23,56,14,18,8,19,19,27,28,13,11,5,28,7,10,10,5,5,18,19,22,33,7,11,34,8,31,24,21,48,33,6,38,58,35,41,4,7,6,7,30,4,12,18,2,13,11,14,17,12,15,8
27,Genesis_28,0.136655949,0.107717042,0.107717042,0.106109325,0.051446945,0.012861736,0,0.006430868,3.836012862,0.313504823,207.6666667,34.29427415,0.223448276,0.164137931,0.035862069,0.027586207,0.053793103,0.723472669,0.257234727,0.019292605,15,62,1,0,7,12,6,0,0,0,0,0,12,13,99,74,51,16,8,5,18,23,7,13,4,63,66,63,4,6,5,17,3,4,9,13,7,5,5,33,6,5,11,30,29,9,9,4,4,6,7,10,14,17,3,1,7,11,15,15,16,7,11,1,15,3,10,12,10,2,4,8,7,7,1,12,4,11,27,7,7,28,11,6,13,14,14,18,1,5,5,1,7,5,9,16,1,7,16,9,8,8,7,1
28,Genesis_29,0.093862816,0.109506619,0.079422383,0.099879663,0.044524669,0.008423586,0,0.006016847,3.948255114,0.271961492,121.8285714,39.98812445,0.190669371,0.175456389,0.036511156,0.039553753,0.127789047,0.712394705,0.267148014,0.02045728,35,74,0,8,16,10,0,0,0,0,0,0,9,9,101,94,74,18,6,1,30,28,8,36,12,85,88,84,8,13,18,15,8,10,6,10,5,11,18,28,6,13,5,14,14,6,25,9,2,24,21,22,6,43,16,17,6,8,15,20,16,10,9,9,23,4,10,9,9,4,5,9,13,29,8,15,11,12,23,14,13,29,6,6,21,32,23,29,6,11,9,3,13,11,2,16,5,2,5,6,22,2,6,6
29,Genesis_30,0.085043988,0.110459433,0.082111437,0.090909091,0.060606061,0.004887586,0,0.001955034,4.039100684,0.28054741,130.0243902,37.7919946,0.215653622,0.175686928,0.049125729,0.023313905,0.100749376,0.704789834,0.261974585,0.033235582,41,92,0,5,18,9,0,0,0,0,0,0,17,15,114,76,82,15,13,10,42,18,10,28,19,112,119,116,7,21,6,19,10,10,8,10,7,15,20,45,1,16,3,12,12,7,24,8,4,12,25,28,14,17,7,21,3,13,17,27,20,9,25,14,21,8,14,11,20,14,17,20,13,16,7,22,18,10,19,15,14,30,17,17,30,21,11,14,6,13,10,2,32,6,10,23,,5,4,8,32,10,8,16
30,Genesis_31,0.105077574,0.097320169,0.068406206,0.100846262,0.050070522,0.02538787,0,0.003526093,4.014104372,0.246121298,138.6981132,41.16137219,0.199638118,0.17490953,0.047647768,0.045838359,0.095898673,0.703808181,0.268688293,0.027503526,53,122,0,10,17,24,3,0,0,0,0,0,17,28,200,134,82,33,10,1,43,50,9,33,42,130,129,129,12,28,14,26,22,19,28,32,10,21,24,52,10,12,8,32,31,7,14,13,3,9,25,18,37,38,21,28,7,20,26,42,36,15,23,16,23,23,20,9,22,22,5,24,21,22,9,9,10,20,32,28,23,46,21,14,20,29,31,43,8,20,17,17,42,11,5,21,5,8,15,26,9,5,30,7
31,Genesis_32,0.100628931,0.105660377,0.079245283,0.106918239,0.046540881,0.016352201,0,0.003773585,3.959748428,0.328301887,141.1724138,39.03167131,0.209694415,0.141201264,0.047418335,0.02739726,0.102212856,0.710691824,0.264150943,0.025157233,29,94,0,5,11,11,0,0,0,0,0,0,3,7,116,80,77,15,6,1,31,29,16,32,13,80,91,89,1,17,5,20,12,14,8,8,3,14,18,38,5,4,5,24,24,8,21,2,7,4,26,18,12,17,8,13,3,14,13,14,15,3,10,12,19,9,6,5,5,21,5,16,12,19,5,6,4,17,14,14,12,21,13,11,25,28,16,25,6,8,6,2,13,5,6,17,1,3,11,6,10,5,7,12
32,Genesis_33,0.1021611,0.125736739,0.072691552,0.092337917,0.033398821,0.00589391,0,0.003929273,3.980353635,0.379174853,114.3043478,35.91025905,0.1910299,0.172757475,0.031561462,0.023255814,0.119601329,0.726915521,0.241650295,0.031434185,23,57,0,3,6,4,3,0,0,0,0,0,4,10,63,50,40,9,2,3,20,16,6,20,17,61,65,64,4,14,2,12,9,9,5,6,1,7,11,29,3,7,4,11,11,4,10,1,2,6,11,15,6,10,5,14,1,4,6,10,10,3,4,10,13,3,4,3,4,3,1,8,10,5,2,8,3,7,9,10,8,16,9,1,24,18,10,13,7,3,4,4,15,2,1,6,1,2,4,3,4,1,2,1
33,Genesis_34,0.130214918,0.104930468,0.077117573,0.083438685,0.06068268,0.008849558,0.001264223,0.001264223,4.008849558,0.274336283,160.68,35.44893727,0.17833698,0.171772429,0.024070022,0.026258206,0.135667396,0.710493047,0.255372946,0.034134008,25,70,0,2,11,10,0,0,0,0,0,0,12,11,104,93,53,20,9,8,14,27,13,21,11,76,80,77,4,16,5,33,15,15,,5,9,7,8,37,10,5,16,25,25,11,12,2,10,11,11,13,6,19,12,12,10,9,11,11,11,3,14,12,18,2,6,1,12,9,9,8,23,14,8,9,15,1,24,23,21,39,7,3,11,17,17,19,18,13,7,12,17,12,7,33,2,7,6,3,21,7,5,8
34,Genesis_35,0.12481203,0.121804511,0.085714286,0.084210526,0.045112782,0.015037594,0.001503759,0,3.990977444,0.327819549,143.75,39.836891,0.224203822,0.156687898,0.042038217,0.017834395,0.078980892,0.693233083,0.285714286,0.021052632,24,60,0,0,19,10,13,1,1,0,0,0,12,12,77,62,47,19,5,3,24,17,3,14,8,77,78,75,8,8,13,10,7,7,2,3,8,1,1,29,4,4,8,25,24,3,11,4,2,14,5,11,3,22,22,21,5,6,11,11,11,6,16,7,18,1,10,7,12,5,3,19,18,9,3,7,12,3,14,16,16,29,5,14,12,24,12,17,4,2,10,10,7,7,5,13,1,8,5,2,11,5,4,4
35,Genesis_36,0.134751773,0.093380615,0.115839243,0.030732861,0.023640662,0.003546099,0,0,4.1643026,0.231678487,133.8235294,21.25698062,0.303797468,0.102239533,0.030185005,0.009737098,0.041869523,0.6643026,0.30141844,0.03427896,34,93,0,0,18,25,2,0,0,0,0,0,21,16,144,137,92,9,4,4,12,23,7,5,9,88,89,89,1,7,7,12,,2,,1,,2,2,46,11,6,14,81,81,11,24,,,10,4,9,1,8,15,43,1,4,11,13,10,1,3,10,40,,25,,22,8,4,7,1,18,5,,26,5,9,4,2,8,5,12,10,24,22,26,8,4,5,,5,3,,4,17,25,3,,8,7,1,3
36,Genesis_37,0.106044539,0.114528102,0.058324496,0.076352068,0.031813362,0.011664899,0,0.009544008,3.956521739,0.297985154,138.4857143,40.17379276,0.181736795,0.168307968,0.03133393,0.03312444,0.14950761,0.723223754,0.255567338,0.021208908,35,95,0,8,12,20,0,0,0,0,0,0,15,11,101,99,58,19,10,7,33,34,3,27,17,102,106,101,7,9,12,13,7,8,5,5,10,12,13,37,9,8,4,22,20,6,13,13,10,11,25,26,14,25,9,12,4,11,10,15,17,13,7,7,14,8,2,8,21,10,10,13,14,20,2,5,13,9,31,14,20,46,7,11,34,72,41,48,9,10,5,13,14,,5,16,6,8,13,3,13,5,13,24
37,Genesis_38,0.112195122,0.103658537,0.074390244,0.118292683,0.029268293,0.013414634,0,0.007317073,3.826829268,0.268292683,121.2352941,39.82011094,0.177304965,0.189463019,0.035460993,0.028368794,0.130699088,0.757317073,0.214634146,0.02804878,34,95,0,5,10,13,0,1,1,0,0,0,26,9,89,55,73,14,7,2,22,21,13,51,14,78,84,87,2,7,20,15,3,3,7,11,8,8,10,29,6,4,6,10,9,5,23,11,4,16,26,27,20,45,9,14,6,19,19,22,22,12,6,6,18,6,15,12,21,5,3,17,10,26,4,7,5,8,27,10,10,31,16,5,21,31,29,32,1,4,4,,18,1,1,4,3,4,9,6,35,2,9,9
38,Genesis_39,0.139430285,0.092953523,0.104947526,0.131934033,0.04047976,0.016491754,0,0.00149925,3.742128936,0.269865067,172,37.24804377,0.161498708,0.177002584,0.020671835,0.015503876,0.148578811,0.766116942,0.217391304,0.016491754,19,62,0,1,6,12,0,0,0,0,0,0,19,10,84,52,77,4,10,4,13,13,23,43,6,57,62,55,3,18,15,18,13,15,2,12,6,3,2,28,4,2,2,16,15,10,7,9,2,13,10,13,9,16,8,7,1,10,23,28,24,10,8,4,21,3,3,4,20,10,13,11,12,26,6,2,,4,24,11,13,36,14,3,13,38,26,28,1,2,7,2,22,7,,8,4,2,6,2,9,,6,2
39,Genesis_40,0.134251291,0.084337349,0.104991394,0.074010327,0.037865749,0.008605852,0,0.005163511,4.058519793,0.332185886,189.1875,33.17969947,0.223546945,0.137108793,0.037257824,0.02533532,0.09538003,0.686746988,0.290877797,0.022375215,16,45,0,2,15,5,0,0,0,0,0,0,17,12,102,76,57,6,9,9,15,20,6,17,4,46,51,46,,6,14,5,5,5,3,7,8,6,8,18,11,1,3,30,26,16,4,5,3,9,10,11,12,8,12,13,1,7,5,5,8,7,7,14,13,6,3,6,27,5,6,8,10,19,3,4,1,4,10,10,16,24,5,5,10,16,14,17,11,2,4,,11,,6,9,6,4,7,2,9,6,4,1
40,Genesis_41,0.128113879,0.091814947,0.106049822,0.079003559,0.046263345,0.012811388,0.004270463,0.008540925,3.995729537,0.233451957,147.4897959,39.57828269,0.205334988,0.151364764,0.052109181,0.026054591,0.067617866,0.69252669,0.279003559,0.028469751,49,99,0,1,28,27,3,0,0,0,0,0,41,31,194,161,136,30,16,14,43,38,9,25,39,123,151,142,31,20,20,17,8,9,7,12,22,22,18,32,7,20,8,62,59,19,43,15,12,10,18,33,25,23,21,27,11,10,16,22,25,15,41,13,20,8,8,11,42,13,12,13,24,28,12,6,9,42,28,23,22,45,13,17,20,24,18,26,12,12,25,12,19,18,12,51,9,18,7,3,17,13,10,12
41,Genesis_42,0.126789366,0.083844581,0.065439673,0.102249489,0.053169734,0.026584867,0,0.010224949,3.882413088,0.262781186,159.7096774,50.40543043,0.167820069,0.178200692,0.035467128,0.043252595,0.130622837,0.743353783,0.242331288,0.014314928,31,98,0,4,20,19,0,0,0,0,0,0,18,12,132,124,59,23,13,8,15,33,7,24,14,78,84,79,6,14,9,13,10,12,1,3,9,15,16,32,5,4,12,28,28,8,19,5,1,9,34,20,11,30,13,28,9,12,16,18,16,5,17,7,20,8,20,,21,8,9,10,25,14,6,7,13,7,24,26,27,47,6,2,17,30,20,36,24,12,7,16,5,7,10,22,,8,17,2,10,10,19,18
42,Genesis_43,0.116080937,0.097976571,0.069222577,0.083067093,0.050053248,0.012779553,0.001064963,0.002129925,3.922257721,0.297124601,171.1785714,39.29468372,0.168014376,0.163522013,0.037735849,0.039532794,0.143755615,0.726304579,0.251331203,0.022364217,28,100,0,7,18,14,0,0,0,0,0,0,21,11,112,118,62,25,10,6,16,35,13,20,14,90,94,92,6,15,10,17,11,11,4,12,5,16,18,42,7,7,6,18,18,8,12,6,7,12,27,17,11,28,12,15,7,10,10,11,20,6,4,5,16,8,9,5,24,16,20,13,13,16,8,7,8,13,20,13,18,34,21,7,15,29,15,21,11,14,7,29,18,1,4,12,7,,16,5,5,4,12,3
43,Genesis_44,0.106285714,0.069714286,0.073142857,0.082285714,0.067428571,0.020571429,0,0.003428571,3.771428571,0.296,160.1481481,51.70055329,0.179961089,0.153696498,0.052529183,0.054474708,0.134241245,0.748571429,0.235428571,0.016,27,78,0,11,14,9,0,0,0,0,0,0,12,9,103,90,55,18,14,9,8,18,8,17,14,56,58,62,5,20,3,17,13,14,4,11,8,22,17,25,4,3,6,14,13,8,24,6,8,11,30,19,15,28,8,9,10,9,11,15,16,6,14,9,12,8,8,9,14,12,10,17,19,15,5,7,6,26,16,19,19,32,12,6,17,29,22,32,5,13,5,9,10,2,13,19,2,3,15,5,17,13,14,6
44,Genesis_45,0.120218579,0.101092896,0.06147541,0.107923497,0.045081967,0.024590164,0,0.00136612,3.928961749,0.31557377,138.1851852,40.04535554,0.192532089,0.151691949,0.042007001,0.037339557,0.115519253,0.722677596,0.258196721,0.019125683,27,64,0,1,15,14,0,0,0,0,0,0,9,7,84,72,45,15,7,4,6,25,9,19,12,73,83,79,11,12,8,9,5,10,7,13,7,10,15,32,6,7,2,29,30,4,14,5,6,8,14,9,8,26,8,14,3,8,10,13,15,4,18,5,8,1,6,4,8,9,7,6,14,17,9,12,7,11,15,14,16,29,8,7,12,28,17,23,8,13,17,13,11,9,6,24,1,8,6,12,7,6,15,11
45,Genesis_46,0.129074316,0.138200782,0.070404172,0.065189048,0.046936115,0.003911343,0,0,4.054758801,0.341590613,130.9354839,27.67377933,0.252642706,0.11205074,0.027484144,0.021141649,0.071881607,0.679269883,0.298565841,0.022164276,31,107,0,1,13,20,4,0,0,0,0,0,10,11,83,76,53,14,1,1,7,27,6,11,10,103,110,110,1,12,1,14,7,7,1,4,4,4,4,63,7,3,4,40,39,5,35,1,3,3,9,7,4,15,16,27,1,4,5,9,7,1,17,2,14,1,8,3,17,12,5,15,18,4,2,4,36,9,13,18,25,35,6,8,13,33,23,25,,3,13,5,12,11,6,22,2,24,3,1,16,6,3,2
46,Genesis_47,0.145962733,0.094202899,0.091097308,0.065217391,0.042443064,0.01552795,0.001035197,0.00310559,4.005175983,0.270186335,166.4,34.39421454,0.228444444,0.129777778,0.042666667,0.031111111,0.098666667,0.714285714,0.262939959,0.022774327,30,88,0,4,18,14,0,0,0,0,0,0,27,27,143,126,77,17,4,2,22,18,1,13,13,89,121,119,10,9,5,10,4,4,5,10,5,33,35,39,6,13,8,46,46,15,11,3,10,7,17,21,11,24,9,18,4,12,11,13,13,3,14,7,15,6,7,3,29,11,5,10,21,10,17,15,11,12,8,21,21,27,13,10,14,17,12,18,12,27,10,20,14,7,6,20,2,11,9,6,9,6,14,7
47,Genesis_48,0.121875,0.096875,0.0515625,0.084375,0.046875,0.0078125,0.0078125,0.0078125,4.015625,0.3203125,158.4285714,38.05394253,0.211081794,0.149076517,0.056728232,0.021108179,0.112137203,0.715625,0.259375,0.025,21,71,0,1,10,8,1,0,0,0,0,0,12,13,76,66,35,21,8,5,19,8,3,21,8,59,74,68,5,8,7,10,6,5,2,2,7,5,8,22,8,6,6,15,15,5,4,4,3,7,16,18,9,15,4,10,7,8,5,6,6,6,12,2,13,2,11,5,14,7,11,12,17,12,7,4,8,6,14,17,19,26,11,6,20,23,21,24,13,5,6,1,15,,9,15,,1,10,2,10,9,5,3
48,Genesis_49,0.142112125,0.061277705,0.117340287,0.082138201,0.074315515,0.010430248,0,0,4.096479791,0.400260756,168.0833333,40.11858724,0.229306488,0.137583893,0.043624161,0.01901566,0.097315436,0.650586701,0.318122555,0.031290743,24,59,0,1,19,19,0,1,1,0,0,0,20,18,116,103,72,23,15,11,22,11,12,23,13,45,46,46,3,9,13,10,5,5,8,9,3,7,8,26,6,8,4,38,38,14,16,4,1,10,5,5,7,22,8,10,10,8,12,13,16,5,30,8,15,5,10,16,20,4,6,11,17,13,6,8,7,6,7,14,15,20,7,6,15,33,23,33,7,7,2,5,11,3,25,31,7,12,11,10,30,25,5,7
49,Genesis_50,0.130813953,0.095930233,0.075581395,0.07994186,0.034883721,0.007267442,0.002906977,0.004360465,4.097383721,0.318313953,151.2916667,36.32897028,0.201722017,0.143911439,0.049200492,0.035670357,0.105781058,0.6875,0.273255814,0.039244186,24,75,0,1,16,4,1,0,0,0,0,0,12,10,83,81,46,8,17,9,19,18,7,12,13,63,71,71,7,7,4,11,5,5,3,7,4,14,20,27,6,7,8,31,31,11,9,6,1,4,17,12,2,21,9,18,1,12,2,3,4,4,8,6,12,1,4,8,14,7,7,12,12,6,2,6,7,6,12,12,14,25,8,7,16,32,21,25,4,12,8,9,4,5,3,15,5,11,8,2,3,3,8,7
50,Exodus_1,0.11790393,0.111353712,0.111353712,0.082969432,0.032751092,0.015283843,0.002183406,0.002183406,4.233624454,0.401746725,137.6111111,38.83887008,0.188888889,0.155555556,0.037037037,0.046296296,0.07962963,0.665938865,0.301310044,0.032751092,18,52,0,1,7,5,0,0,0,0,0,0,8,5,78,71,42,7,7,5,15,15,3,6,14,43,45,43,2,9,7,9,8,9,1,2,7,4,6,22,2,3,10,20,19,7,10,4,3,3,8,8,5,7,10,17,2,7,6,5,4,4,12,6,17,3,6,4,9,7,6,7,5,7,4,4,5,7,6,5,7,13,5,8,4,5,5,6,12,4,11,3,3,4,4,12,5,2,6,,6,4,4,4
51,Exodus_2,0.109422492,0.121580547,0.103343465,0.107902736,0.027355623,0.006079027,0,0.003039514,3.872340426,0.358662614,122.8518519,41.1856378,0.191958495,0.166018158,0.019455253,0.023346304,0.118028534,0.727963526,0.255319149,0.016717325,27,57,0,7,11,3,0,0,0,0,0,0,6,10,87,67,75,6,5,5,19,27,12,32,15,76,77,75,3,6,15,9,7,6,4,4,7,5,6,28,7,4,6,22,21,10,21,8,5,10,18,15,13,17,9,7,2,9,10,11,14,10,6,12,13,4,10,11,7,6,10,14,6,14,3,6,6,3,21,6,6,23,4,6,21,24,14,19,3,5,2,,7,2,1,6,7,3,2,3,18,1,4,6
52,Exodus_3,0.148989899,0.085858586,0.113636364,0.073232323,0.066919192,0.013888889,0,0.003787879,3.825757576,0.271464646,208.0526316,26.22137962,0.230519481,0.137445887,0.031385281,0.032467532,0.07034632,0.748737374,0.220959596,0.03030303,19,90,0,3,14,7,0,0,0,0,0,0,8,12,121,96,78,6,9,8,7,27,7,17,16,68,76,73,4,15,2,16,7,8,7,10,12,7,9,34,9,4,6,54,52,18,15,1,13,6,23,19,8,17,6,4,2,21,13,19,15,1,15,9,10,7,8,8,8,20,2,13,28,9,6,8,3,11,14,30,29,41,12,5,10,12,9,16,7,4,3,10,14,2,15,23,10,5,15,11,18,15,11,7
53,Exodus_4,0.112107623,0.099775785,0.091928251,0.123318386,0.058295964,0.013452915,0,0.005605381,3.753363229,0.271300448,129.0882353,36.73892907,0.195589645,0.165867689,0.054650048,0.035474593,0.101629914,0.752242152,0.234304933,0.013452915,34,94,0,5,16,2,0,0,0,0,0,0,16,17,135,99,85,25,1,,15,28,9,33,20,82,99,88,8,14,6,17,4,8,16,15,13,6,10,31,11,2,4,27,26,15,16,13,10,13,23,24,18,15,5,6,7,11,12,18,16,15,14,6,17,8,6,8,24,11,5,19,19,13,4,8,8,11,23,20,26,42,10,9,19,33,19,22,1,8,9,1,25,7,15,26,3,3,14,16,17,16,12,4
54,Exodus_5,0.124369748,0.068907563,0.078991597,0.097478992,0.062184874,0.025210084,0,0.003361345,4.08907563,0.337815126,173.9444444,52.72393202,0.187142857,0.192857143,0.041428571,0.042857143,0.09,0.702521008,0.248739496,0.048739496,18,65,0,6,7,8,0,0,0,0,0,0,10,11,99,81,43,10,7,2,9,21,6,7,7,35,41,39,,10,3,7,4,8,4,6,4,5,15,17,5,4,8,25,20,8,11,2,4,6,22,14,16,21,22,21,5,11,5,7,6,3,10,4,14,7,5,2,12,8,9,11,8,7,8,4,2,7,15,8,9,23,10,6,,2,4,8,9,5,2,13,10,2,7,11,3,8,11,7,8,7,12,1
55,Exodus_6,0.165782493,0.106100796,0.108753316,0.051724138,0.043766578,0.0066313,0,0.00265252,4.058355438,0.269230769,159.7916667,29.85365854,0.253393665,0.119909502,0.038461538,0.013574661,0.063348416,0.665782493,0.299734748,0.034482759,24,70,0,2,17,15,0,0,0,0,0,0,4,9,106,98,71,7,20,18,12,18,5,13,16,79,84,81,13,7,1,16,5,7,2,3,11,5,8,35,6,7,5,58,58,15,14,3,4,2,9,9,8,6,7,18,3,10,7,10,8,4,7,9,18,,13,7,4,7,1,10,26,5,4,9,12,3,25,22,22,44,4,7,3,10,3,3,6,5,4,1,7,4,7,14,11,24,12,10,11,8,4,3
56,Exodus_7,0.131313131,0.088023088,0.118326118,0.088023088,0.060606061,0.014430014,0,0.004329004,4.070707071,0.272727273,150.7916667,35.87811023,0.2425,0.15375,0.0325,0.02375,0.065,0.662337662,0.307359307,0.03030303,24,57,0,0,9,12,0,0,0,0,0,0,17,22,125,96,71,12,6,3,11,34,9,19,14,58,74,70,11,10,15,7,3,7,7,10,10,8,9,22,15,4,,24,24,8,6,3,4,12,11,15,11,7,7,12,3,9,15,16,16,3,18,4,9,5,5,5,18,8,9,5,18,16,4,2,5,12,8,18,19,28,4,12,8,9,9,12,4,4,9,2,15,6,16,18,3,8,6,7,17,16,6,7
57,Exodus_8,0.146211313,0.096051227,0.106723586,0.070437567,0.054429029,0.021344717,0.002134472,0.005336179,3.994663821,0.226254002,166.5862069,36.17419327,0.219266055,0.133944954,0.039449541,0.039449541,0.059633028,0.71398079,0.249733191,0.036286019,29,90,0,2,14,16,0,0,0,0,0,0,13,18,164,117,93,18,9,6,16,27,9,16,5,86,103,104,8,13,5,17,5,8,4,15,15,13,15,43,21,11,4,33,33,15,10,4,10,9,27,19,16,10,10,9,3,14,14,14,19,4,21,2,13,7,8,2,21,23,15,6,16,12,7,2,6,12,20,16,26,45,16,6,10,12,13,16,4,9,8,6,9,8,13,29,3,7,27,5,13,13,12,8
58,Exodus_9,0.131230926,0.090539166,0.139369278,0.07629705,0.05595117,0.026449644,0.004069176,0.003051882,3.940996948,0.259409969,151.2727273,37.08801772,0.224107143,0.1375,0.035714286,0.042857143,0.045535714,0.714140387,0.267548321,0.018311292,33,77,0,1,9,14,0,1,1,0,0,0,21,29,185,136,112,26,9,7,18,44,21,21,11,86,102,99,15,13,12,13,4,8,7,12,12,17,20,35,26,16,11,40,40,18,10,8,11,11,11,14,27,18,17,23,9,15,19,20,22,8,28,14,11,7,10,6,19,13,15,5,14,6,8,4,2,15,11,14,14,20,9,9,20,11,13,20,6,12,14,1,30,13,14,34,3,5,7,9,16,14,22,2
59,Exodus_10,0.107777778,0.073333333,0.114444444,0.104444444,0.063333333,0.02,0.001111111,0.001111111,3.904444444,0.284444444,181.92,43.83421875,0.205400193,0.146576663,0.043394407,0.040501446,0.087753134,0.74,0.246666667,0.013333333,25,71,0,4,15,16,0,0,0,0,0,0,15,9,157,110,75,14,6,7,17,24,13,21,10,63,73,73,9,18,3,19,10,15,8,11,10,14,19,22,6,9,5,26,27,12,9,2,9,9,17,15,28,21,14,19,8,15,23,26,30,2,23,6,25,16,8,4,14,14,10,13,18,9,12,13,8,16,10,18,19,26,6,10,12,10,9,12,7,13,15,16,19,14,10,28,4,8,10,11,11,10,15,7
60,Exodus_11,0.126153846,0.070769231,0.144615385,0.092307692,0.064615385,0.018461538,0.003076923,0,4.046153846,0.4,152.7272727,37.9533993,0.215258856,0.125340599,0.027247956,0.038147139,0.054495913,0.683076923,0.270769231,0.046153846,11,22,0,0,5,3,0,0,0,0,0,0,8,9,50,38,35,8,2,1,2,6,1,10,6,23,26,26,3,3,2,4,,1,,1,8,1,1,9,4,5,1,20,20,5,6,1,6,5,5,2,4,4,3,4,3,1,8,8,11,2,14,2,3,4,2,4,9,3,6,1,6,3,2,2,1,2,1,6,7,7,6,7,2,4,4,5,1,2,7,3,1,6,8,18,7,3,3,3,8,8,6,1
61,Exodus_12,0.147255689,0.070950469,0.128514056,0.103748327,0.077643909,0.016064257,0.000669344,0,4.021419009,0.234939759,163.5106383,41.60048379,0.20726623,0.14115545,0.033948779,0.023823705,0.075044669,0.690763052,0.264390897,0.044846051,47,91,0,1,16,28,0,0,0,0,0,0,34,35,239,194,145,30,24,18,28,40,12,13,31,101,111,110,5,33,8,21,12,14,4,21,20,33,29,34,20,21,11,72,70,28,37,25,22,8,14,14,17,24,21,14,24,12,24,26,47,30,70,20,37,16,14,17,32,16,10,23,26,19,13,11,11,16,31,20,13,41,5,17,6,14,20,31,8,28,19,29,11,23,53,79,21,12,16,9,56,53,18,15
62,Exodus_13,0.161242604,0.060650888,0.127218935,0.105029586,0.056213018,0.01035503,0,0.00147929,3.983727811,0.300295858,203.2352941,44.68750725,0.243455497,0.132198953,0.036649215,0.02486911,0.04973822,0.701183432,0.263313609,0.035502959,17,49,0,1,11,9,0,0,0,0,0,0,14,19,128,87,64,21,10,9,9,19,7,5,22,36,48,46,3,22,5,11,7,8,12,14,11,11,15,15,5,9,7,36,36,12,7,10,7,12,9,5,12,8,5,11,12,10,13,15,14,10,22,7,11,3,5,11,16,12,8,13,11,3,3,3,2,10,16,9,11,23,6,3,3,6,10,12,4,10,8,1,12,8,24,23,7,4,10,12,25,24,6,2
63,Exodus_14,0.128755365,0.093347639,0.146995708,0.079399142,0.040772532,0.009656652,0.002145923,0.002145923,4.103004292,0.260729614,195.76,35.28276169,0.209737828,0.130149813,0.029962547,0.027153558,0.081460674,0.708154506,0.254291845,0.037553648,25,79,0,5,14,12,4,0,0,0,0,0,11,21,185,152,116,17,8,7,24,46,17,10,23,82,93,91,8,8,12,13,3,3,4,5,12,13,18,35,22,5,5,42,41,18,24,7,13,13,13,18,23,5,10,18,1,14,21,21,21,9,18,19,12,16,6,4,12,20,6,11,12,14,14,8,5,25,16,12,14,26,4,10,8,19,19,19,18,8,9,4,19,7,8,25,11,5,14,5,12,8,6,2
64,Exodus_15,0.128851541,0.06022409,0.110644258,0.084033613,0.077030812,0.011204482,0.005602241,0,4.112044818,0.371148459,156.75,38.63029318,0.240338164,0.152173913,0.048309179,0.02173913,0.077294686,0.698879552,0.256302521,0.044817927,24,60,0,3,14,12,0,0,0,0,0,0,20,23,139,109,78,6,7,8,22,23,12,18,12,43,47,42,7,18,11,20,6,6,11,11,5,11,11,17,8,3,4,23,23,11,14,1,8,12,10,19,5,11,14,13,4,9,3,10,4,1,17,6,10,17,8,6,30,8,7,14,5,7,5,5,4,11,8,6,12,18,10,3,6,13,11,20,16,8,4,,24,7,12,27,6,11,15,11,14,12,4,6
65,Exodus_16,0.1420508,0.066792098,0.140169332,0.109125118,0.054562559,0.011288805,0.002822201,0.002822201,3.934148636,0.248353716,168.4375,42.84731311,0.211570248,0.145454545,0.037190083,0.025619835,0.080165289,0.722483537,0.243650047,0.033866416,32,82,0,3,15,16,0,0,0,0,0,0,16,26,175,159,110,15,31,15,18,26,12,12,27,68,74,72,8,31,9,16,7,8,,1,10,19,22,21,19,8,8,43,44,17,22,24,10,14,22,14,14,23,16,13,7,22,22,31,34,26,21,18,27,9,6,5,17,16,17,28,21,14,9,6,7,11,31,21,18,46,5,7,9,7,13,23,8,16,4,9,13,11,14,29,19,4,14,8,14,14,14,13
66,Exodus_17,0.152360515,0.103004292,0.115879828,0.066523605,0.0472103,0.012875536,0,0.002145923,4.010729614,0.371244635,172,39.43350889,0.227777778,0.146296296,0.022222222,0.022222222,0.062962963,0.684549356,0.28111588,0.034334764,14,43,0,5,6,6,1,0,0,0,0,0,8,9,73,60,49,7,5,4,10,16,5,7,6,42,52,44,2,12,6,15,11,11,3,3,7,7,10,21,8,1,11,22,22,11,8,4,5,9,11,11,7,11,11,11,1,5,5,7,7,5,5,6,14,4,2,3,8,9,3,8,9,8,3,2,2,,12,7,6,15,3,6,7,9,8,10,1,6,3,4,11,2,3,9,4,5,5,3,3,3,2,3
67,Exodus_18,0.14717477,0.080157687,0.099868594,0.111695138,0.055190539,0.005256242,0,0,3.977660972,0.295663601,217.1111111,42.4450927,0.236961451,0.139455782,0.049886621,0.02154195,0.078231293,0.712220762,0.26412615,0.023653088,18,69,0,2,14,10,1,0,0,0,0,0,18,7,132,105,62,12,12,10,13,19,10,21,12,59,67,63,6,9,8,12,6,6,14,14,9,12,14,28,3,4,7,33,32,15,10,4,10,9,12,7,15,24,8,3,6,11,15,18,21,4,23,3,20,7,7,3,20,12,7,12,15,28,16,4,6,3,19,15,17,32,15,8,14,13,16,21,10,12,18,,18,11,12,24,3,13,12,12,13,12,4,7
68,Exodus_19,0.137980085,0.095305832,0.140825036,0.071123755,0.039829303,0.015647226,0,0.001422475,4.022759602,0.311522048,151.375,35.15246211,0.206683168,0.152227723,0.044554455,0.037128713,0.050742574,0.679943101,0.300142248,0.019914651,24,62,0,0,11,7,0,0,0,0,0,0,7,13,137,119,87,12,8,1,18,26,3,5,10,60,59,59,3,11,5,10,3,3,6,7,7,10,13,27,11,2,5,23,24,12,12,4,7,10,16,8,16,9,11,12,7,10,6,8,9,7,17,7,22,7,7,7,9,11,3,11,23,6,8,3,4,3,21,39,25,39,12,8,6,4,,1,7,9,9,2,4,7,11,18,3,5,22,7,12,11,6,11
69,Exodus_20,0.101423488,0.06405694,0.104982206,0.115658363,0.049822064,0.03202847,0,0,3.996441281,0.368327402,137.8571429,29.14700328,0.259600614,0.135176651,0.079877112,0.032258065,0.058371736,0.725978648,0.238434164,0.035587189,21,52,0,0,12,2,0,0,0,0,0,0,12,10,121,58,37,7,10,5,6,18,3,5,7,34,32,30,9,14,2,12,6,7,22,24,4,6,8,16,5,1,6,21,17,11,12,4,4,5,11,3,12,11,6,5,3,12,14,15,14,7,8,2,10,3,4,1,10,12,12,6,13,8,12,7,1,5,4,13,12,15,10,6,2,7,6,13,5,19,8,8,7,4,20,11,2,5,8,22,21,19,30,6
70,Exodus_21,0.096196868,0.082774049,0.087248322,0.091722595,0.10738255,0.026845638,0,0,3.714765101,0.281879195,140.483871,35.43623939,0.177606178,0.154440154,0.021235521,0.043436293,0.138030888,0.739373602,0.237136465,0.023489933,31,74,0,0,9,21,0,0,0,0,0,0,6,8,74,64,81,30,9,6,7,6,16,63,16,54,52,49,2,25,2,19,12,13,6,5,20,22,17,24,6,8,14,12,12,8,33,7,1,7,3,13,13,27,4,7,24,12,13,21,13,7,50,2,13,1,9,28,9,2,31,5,9,32,10,14,5,13,21,8,9,24,9,4,18,61,37,38,2,34,4,1,18,2,52,56,4,8,9,4,57,52,16,3
71,Exodus_22,0.120101138,0.064475348,0.094816688,0.109987358,0.102402023,0.022756005,0.001264223,0,3.795195954,0.317319848,139.8928571,44.20093491,0.181025082,0.163576881,0.041439477,0.035986914,0.105779716,0.704171934,0.266750948,0.029077118,28,70,0,1,8,15,0,0,0,0,0,0,9,7,90,64,56,40,10,7,6,8,10,28,15,43,32,34,2,18,2,18,11,12,14,16,6,23,19,17,4,12,8,22,23,19,33,20,5,6,2,7,11,23,9,8,30,13,12,13,15,25,40,4,14,6,3,15,8,13,21,9,15,26,9,7,3,4,19,15,15,31,9,1,2,33,20,24,2,37,4,10,6,1,47,46,7,3,6,14,56,46,17,7
72,Exodus_23,0.120772947,0.065217391,0.102657005,0.109903382,0.056763285,0.019323671,0,0.001207729,4.06763285,0.336956522,134.65625,43.36691147,0.241781548,0.127253446,0.081654295,0.033934252,0.054082715,0.678743961,0.285024155,0.036231884,32,51,0,0,19,10,0,1,1,0,0,0,23,16,171,115,69,23,12,8,9,20,9,6,4,50,56,53,12,13,2,26,8,11,34,35,12,11,20,26,4,13,5,31,29,23,14,6,14,9,3,8,20,12,4,14,8,6,5,7,8,5,15,3,24,19,15,10,30,12,12,7,15,13,8,10,3,15,10,12,12,22,14,2,2,18,7,9,7,17,6,5,9,9,37,31,3,8,12,35,37,37,23,4
73,Exodus_24,0.137931034,0.119675456,0.137931034,0.077079108,0.038539554,0.012170385,0,0.004056795,3.851926978,0.340770791,144.9411765,30.1409733,0.239858907,0.128747795,0.021164021,0.02292769,0.058201058,0.713995943,0.263691684,0.022312373,17,42,0,0,12,4,0,0,0,0,0,0,7,8,74,71,66,4,6,4,10,13,2,9,7,60,59,56,3,8,3,7,4,5,2,2,3,3,3,30,6,1,4,35,31,19,8,5,7,8,12,12,4,4,9,7,2,2,2,5,4,5,11,10,8,3,10,4,11,7,4,4,11,4,2,5,,4,8,17,13,16,4,11,11,8,4,4,2,1,11,1,8,8,5,13,4,10,11,2,3,3,3,12
74,Exodus_25,0.125134844,0.091693635,0.140237325,0.091693635,0.057173679,0.003236246,0,0,4.047464941,0.213592233,141.1764706,26.7153954,0.24952381,0.103809524,0.06,0.008571429,0.048571429,0.668824164,0.303128371,0.028047465,34,67,0,0,13,7,0,0,0,0,0,0,16,23,184,149,88,24,21,7,3,37,2,4,11,86,91,87,2,23,1,23,17,17,24,24,12,13,8,41,9,8,21,51,49,25,23,12,10,3,7,12,20,37,24,13,17,5,13,12,17,16,32,12,29,3,17,27,19,11,31,5,9,17,8,6,2,10,9,7,8,16,10,19,2,7,7,8,11,6,10,6,8,9,57,36,9,18,6,23,59,51,1,9
75,Exodus_26,0.15565032,0.079957356,0.141791045,0.090618337,0.051172708,0.00533049,0,0,4.252665245,0.18869936,147.9411765,27.75078438,0.270373921,0.093959732,0.057526366,0.011505273,0.024928092,0.636460554,0.329424307,0.034115139,34,46,0,0,15,8,0,0,0,0,0,0,28,34,179,149,113,22,16,16,9,49,5,1,7,83,76,76,1,23,1,11,11,12,34,34,4,27,23,32,15,15,32,63,64,30,19,10,7,3,,10,17,22,3,2,20,5,9,9,10,8,25,27,53,9,11,9,18,9,27,3,10,27,22,11,15,8,12,3,3,9,12,5,,2,3,5,6,21,2,4,10,3,58,25,3,27,5,34,61,56,2,18
76,Exodus_27,0.141323792,0.089445438,0.13059034,0.066189624,0.080500894,0.007155635,0,0,4.239713775,0.266547406,149.8,29.12147923,0.277070064,0.095541401,0.044585987,0.012738854,0.060509554,0.577817531,0.404293381,0.017889088,20,33,0,0,12,5,0,0,0,0,0,0,5,11,112,94,63,27,11,5,8,30,12,2,8,49,46,47,1,12,1,6,6,6,13,13,4,16,12,22,9,11,12,40,43,18,14,7,6,1,1,2,7,11,10,5,21,4,2,2,2,10,28,16,16,3,9,2,6,7,11,2,2,4,10,5,12,1,6,2,2,8,5,3,6,9,9,10,1,10,13,14,6,7,35,28,3,17,3,12,38,34,1,13
77,Exodus_28,0.15210356,0.088187702,0.141585761,0.085760518,0.059061489,0.00566343,0,0,4.098705502,0.19012945,166.0512821,29.22224504,0.249291785,0.094192635,0.055949008,0.011331445,0.063031161,0.669902913,0.296925566,0.033171521,39,100,0,0,13,16,0,0,0,0,0,0,23,37,230,189,131,47,22,10,10,47,14,16,30,108,100,107,11,18,,12,10,11,33,37,11,20,24,56,37,9,24,85,83,26,12,17,6,7,4,15,28,22,14,18,27,13,15,14,18,24,38,16,53,5,14,29,27,10,33,12,15,19,12,9,8,6,15,14,14,25,28,24,5,16,12,14,17,14,5,3,5,4,68,37,12,35,14,33,71,67,4,13
78,Exodus_29,0.139344262,0.107302534,0.151266766,0.078986587,0.050670641,0.006706408,0.003725782,0,4.029061103,0.18852459,173.125,28.03414666,0.248684211,0.109868421,0.046052632,0.0125,0.067763158,0.70342772,0.259314456,0.037257824,40,97,0,0,26,8,0,0,0,0,0,0,17,41,274,208,159,26,35,24,13,66,17,13,16,144,138,132,3,24,12,23,17,17,44,46,23,20,24,72,41,13,31,98,71,48,6,18,17,4,11,15,38,11,11,16,16,9,17,18,30,22,26,23,41,6,27,18,17,22,8,13,17,18,3,13,20,4,18,13,15,32,2,10,17,40,35,55,22,21,21,10,11,6,64,33,13,11,15,41,64,62,3,24
79,Exodus_30,0.121524202,0.077239959,0.132852729,0.105046344,0.06900103,0.010298661,0.001029866,0,4.276004119,0.257466529,194.6666667,35.94117187,0.219710669,0.112115732,0.070524412,0.024412297,0.079566004,0.654994851,0.289392379,0.05561277,27,76,0,0,21,8,0,1,1,0,0,0,5,17,176,138,83,28,17,13,6,37,9,5,19,79,64,64,5,17,6,12,11,13,24,28,10,13,15,28,19,3,9,55,45,17,18,27,9,2,10,8,19,24,25,17,19,17,16,14,16,33,38,15,31,6,29,15,12,17,23,15,21,22,19,8,8,3,18,20,21,36,8,12,6,13,13,18,10,15,10,9,6,4,62,40,13,6,16,25,68,56,10,13
80,Exodus_31,0.173120729,0.079726651,0.134396355,0.088838269,0.066059226,0.002277904,0,0.004555809,4.120728929,0.400911162,289.625,28.82588247,0.247058824,0.123529412,0.02745098,0.017647059,0.056862745,0.69476082,0.234624146,0.070615034,8,51,0,0,8,4,0,0,0,0,0,0,15,6,64,51,46,8,12,8,5,17,6,7,9,36,37,34,3,16,1,9,6,6,1,3,7,9,10,22,6,4,4,31,28,7,15,5,3,1,10,4,6,4,4,4,6,12,10,10,11,4,16,11,9,,9,3,17,8,8,4,6,7,1,8,5,6,10,6,5,15,10,1,4,9,7,11,1,8,11,1,7,6,7,15,6,6,3,2,7,7,,5
81,Exodus_32,0.131627057,0.07678245,0.106032907,0.089579525,0.053016453,0.010968921,0,0.00274223,3.907678245,0.268738574,173.25,43.20976981,0.195121951,0.162863887,0.036191975,0.028324154,0.096774194,0.73583181,0.234917733,0.029250457,32,113,0,4,16,9,0,1,1,0,0,0,11,21,190,152,93,15,14,10,22,32,3,16,19,85,93,88,8,12,8,11,3,5,9,13,18,14,22,44,21,4,17,53,47,23,17,17,17,12,29,23,26,16,16,19,2,17,16,21,27,18,8,13,30,14,8,12,11,20,24,28,26,10,4,15,6,6,21,31,28,44,16,12,11,17,20,28,26,13,5,8,25,3,5,15,5,8,18,8,9,6,12,8
82,Exodus_33,0.123769339,0.080168776,0.106891702,0.104078762,0.066104079,0.015471167,0,0.00140647,3.828410689,0.29535865,161,35.15461195,0.233576642,0.147201946,0.053527981,0.025547445,0.062043796,0.756680731,0.209563994,0.033755274,22,69,0,2,16,3,0,0,0,0,0,0,13,8,118,78,59,10,5,4,11,20,5,11,4,54,60,66,2,9,4,26,9,9,16,16,12,10,11,25,6,3,5,17,15,13,12,8,10,5,15,12,13,6,7,10,5,16,11,12,15,9,12,11,24,12,5,9,15,10,10,13,17,3,6,5,3,10,10,18,20,29,25,7,8,9,8,11,1,7,7,1,11,6,8,27,3,2,13,14,12,8,13,8
83,Exodus_34,0.129353234,0.08159204,0.126368159,0.090547264,0.034825871,0.008955224,0,0.002985075,4.080597015,0.297512438,145.7777778,35.18351273,0.257615318,0.126196693,0.055700609,0.01740644,0.054830287,0.682587065,0.278606965,0.03880597,36,76,0,0,17,11,0,0,0,0,0,0,27,21,188,141,111,17,19,17,16,38,8,20,18,75,85,77,11,22,3,23,17,23,27,29,11,15,22,30,12,18,9,41,39,22,14,4,13,12,10,18,16,16,5,15,4,9,12,12,17,4,20,14,32,14,12,14,31,17,13,17,18,14,11,7,3,5,12,24,14,22,13,8,11,21,10,16,4,15,12,4,11,13,22,25,9,10,15,26,26,22,14,15
84,Exodus_35,0.157125457,0.124238733,0.144945189,0.063337393,0.036540804,0.001218027,0,0,4.147381242,0.276492083,258.4117647,19.90746245,0.253535354,0.091919192,0.027272727,0.009090909,0.056565657,0.676004872,0.287454324,0.036540804,17,135,0,0,4,5,0,0,0,0,0,0,20,8,122,111,94,7,35,26,14,20,14,14,10,106,104,99,10,21,2,18,8,8,1,2,4,22,19,79,9,2,5,66,54,21,17,2,5,10,6,13,10,5,9,5,8,22,9,15,10,2,19,19,14,1,8,3,22,29,15,12,7,10,14,,6,10,16,6,6,21,28,9,16,24,23,24,8,21,16,4,17,8,5,18,17,11,8,3,9,5,1,15
85,Exodus_36,0.157894737,0.0806271,0.126539754,0.103023516,0.023516237,0.004479283,0,0,4.259798432,0.235162374,141.3823529,31.7153921,0.24278607,0.115422886,0.037810945,0.012935323,0.070646766,0.660694289,0.29787234,0.041433371,34,52,0,0,16,8,0,0,0,0,0,0,19,11,130,135,125,7,23,13,20,33,13,39,8,80,75,71,5,19,6,15,9,10,,1,4,30,26,31,3,10,29,61,58,23,22,7,4,12,6,6,9,20,11,11,3,5,7,5,5,8,10,31,32,3,5,6,11,9,38,9,13,18,23,10,15,7,20,7,7,23,9,5,24,5,3,4,8,26,8,4,8,6,2,8,2,22,6,,4,,2,21
86,Exodus_37,0.148849797,0.090663058,0.146143437,0.083897158,0.0135318,0,0,0,3.898511502,0.177266576,161.5652174,25.94993889,0.240143369,0.087216249,0.040621266,0.007168459,0.086021505,0.714479026,0.258457375,0.027063599,23,52,0,0,14,10,0,0,0,0,0,0,5,16,115,114,104,10,16,6,1,14,11,27,6,70,73,74,4,18,7,14,12,12,1,2,11,13,6,34,13,6,15,57,60,21,20,18,11,1,6,9,8,30,27,18,2,5,4,2,4,25,2,14,30,3,10,25,7,13,25,1,5,16,13,,1,7,13,3,4,16,5,23,26,15,15,15,4,6,8,7,7,1,8,2,7,23,5,,7,1,,6
87,Exodus_38,0.156062425,0.105642257,0.178871549,0.050420168,0.024009604,0,0,0,4.276110444,0.216086435,161.2142857,20.81291444,0.264150943,0.078616352,0.038784067,0.007337526,0.049266247,0.620648259,0.338535414,0.040816327,28,73,0,0,7,14,0,0,0,0,0,0,5,8,181,161,142,6,19,7,21,46,23,16,13,88,92,93,2,12,11,6,7,8,5,5,2,25,17,46,10,10,25,88,89,50,28,5,5,6,5,5,6,9,27,17,4,7,8,6,7,9,11,22,26,5,10,7,6,21,13,1,2,9,16,5,20,6,7,2,2,9,12,21,10,1,3,3,3,19,18,18,12,12,2,11,4,39,6,,11,,1,19
88,Exodus_39,0.153249273,0.100872939,0.174587779,0.064015519,0.019398642,0.003879728,0,0.000969932,4.09214355,0.228903977,169.90625,20.99581823,0.259016393,0.085245902,0.033606557,0.009836066,0.059836066,0.701260912,0.249272551,0.049466537,32,135,0,0,7,12,0,0,0,0,0,0,17,27,194,190,147,15,28,15,23,45,13,7,20,104,110,103,,10,10,8,7,7,,5,11,15,12,79,17,5,17,74,73,31,14,12,6,7,3,18,18,13,11,10,7,21,7,7,9,18,11,20,43,4,5,23,24,25,16,1,4,7,3,3,7,9,21,3,5,22,36,18,12,20,20,20,8,10,13,5,7,9,,13,11,32,10,,6,,2,22
89,Exodus_40,0.126520681,0.099756691,0.186131387,0.074209246,0.01703163,0.008515815,0,0,4.164233577,0.215328467,131.6969697,26.72929363,0.24972973,0.113513514,0.031351351,0.018378378,0.057297297,0.682481752,0.250608273,0.066909976,33,51,0,0,9,9,0,0,0,0,0,0,16,26,198,173,158,12,21,17,22,31,7,15,12,87,89,81,6,5,13,5,5,5,18,20,18,4,8,34,19,4,7,48,40,36,11,7,19,3,4,1,37,12,15,8,4,7,8,7,11,11,11,25,53,7,21,1,21,5,2,3,5,15,10,2,7,16,7,5,9,15,8,10,21,10,7,8,3,8,18,7,8,7,22,11,4,4,7,16,20,20,4,30
90,Leviticus_1,0.153992395,0.08365019,0.178707224,0.072243346,0.076045627,0.003802281,0,0,3.899239544,0.247148289,240.6363636,30.20783593,0.217391304,0.096989967,0.038461538,0.008361204,0.086956522,0.69391635,0.275665399,0.030418251,11,42,0,0,14,3,0,0,0,0,0,0,4,20,84,81,87,10,21,19,2,17,5,18,3,39,36,38,,4,4,8,6,6,2,2,13,5,7,17,21,8,9,41,28,19,16,16,6,11,11,6,2,5,2,6,6,3,4,4,6,16,28,5,8,8,18,10,8,14,7,2,9,5,1,1,4,,3,10,11,14,7,3,9,20,16,24,2,8,15,4,1,1,25,29,10,8,8,1,26,25,2,3
91,Leviticus_2,0.154004107,0.063655031,0.137577002,0.088295688,0.084188912,0.002053388,0.002053388,0,4.026694045,0.22587269,179,43.01943603,0.250457038,0.135283364,0.063985375,0.009140768,0.0511883,0.702258727,0.266940452,0.030800821,14,26,0,0,13,3,0,0,0,0,0,0,5,8,79,58,47,14,35,24,7,8,,4,9,32,26,25,2,9,1,10,9,10,9,9,5,4,4,6,11,11,11,57,29,22,8,15,26,1,6,4,4,12,11,1,12,2,2,2,17,18,22,1,6,5,9,14,5,2,9,4,13,7,5,,3,1,3,10,10,13,3,,5,4,4,13,1,6,7,10,1,9,26,24,8,5,10,9,26,26,4,4
92,Leviticus_3,0.123046875,0.07421875,0.201171875,0.111328125,0.080078125,0.00390625,0,0,3.955078125,0.1875,185.7142857,32.53053943,0.223570191,0.102253033,0.019064125,0.005199307,0.090121317,0.712890625,0.2578125,0.029296875,14,35,0,0,7,6,0,0,0,0,0,0,,19,102,92,96,10,17,11,,17,4,20,3,35,35,38,,6,,5,5,6,2,3,4,6,9,16,20,20,20,45,22,12,12,19,2,2,7,,11,7,7,10,5,3,11,11,25,20,26,6,21,2,13,8,6,16,8,6,6,11,1,3,4,,,6,6,6,4,9,6,10,10,25,4,8,11,4,4,4,21,29,4,10,6,,21,21,1,6
93,Leviticus_4,0.145941278,0.068221071,0.186528497,0.073402418,0.080310881,0.006044905,0.002590674,0,4.074265976,0.146804836,260.826087,30.44553198,0.205767732,0.115354638,0.033515199,0.014029618,0.076383476,0.67357513,0.281519862,0.044905009,23,75,0,0,14,11,0,0,0,0,0,0,28,36,214,196,205,24,57,25,8,29,16,34,17,85,82,77,,20,1,16,16,16,6,8,16,20,32,47,23,15,28,106,76,66,34,19,13,8,8,14,21,10,11,20,12,2,8,17,29,20,60,22,30,23,28,18,11,10,6,23,7,4,4,3,8,2,8,7,7,15,7,6,15,39,29,45,6,19,26,8,13,19,49,64,17,13,9,,51,49,4,26
94,Leviticus_5,0.127071823,0.080110497,0.139502762,0.111878453,0.104972376,0.017955801,0,0,3.936464088,0.247237569,244.4666667,40.38320914,0.164835165,0.136752137,0.053724054,0.023199023,0.113553114,0.683701657,0.276243094,0.040055249,15,59,0,0,11,10,0,0,0,0,0,0,19,9,86,70,86,24,44,24,6,11,15,37,18,48,40,39,5,17,,11,9,9,3,3,9,25,25,25,4,12,11,49,28,16,20,23,8,4,2,4,5,8,4,2,20,7,10,19,11,27,37,2,12,10,11,30,8,13,11,14,15,10,10,1,5,2,11,8,8,16,4,3,7,30,15,22,1,30,4,1,10,3,38,37,14,10,12,,39,37,7,7
95,Leviticus_6,0.133258679,0.064949608,0.146696529,0.104143337,0.104143337,0.010078387,0,0,4.055991041,0.249720045,192.75,36.7679651,0.198807157,0.148111332,0.045725646,0.021868787,0.085487078,0.651735722,0.312430011,0.035834267,24,61,0,0,18,11,0,0,0,0,0,0,31,26,139,117,111,29,46,25,11,18,12,15,19,52,47,47,2,19,6,8,8,8,5,5,11,16,18,22,23,17,10,63,39,20,14,34,23,6,8,6,9,16,18,13,21,6,13,19,24,42,51,7,17,11,12,14,27,9,7,21,17,12,6,3,9,,8,16,17,22,3,3,12,20,19,38,3,20,15,10,11,10,50,51,8,7,9,3,47,47,4,10
96,Leviticus_7,0.156102176,0.053926206,0.179754021,0.090823084,0.088930937,0.006622517,0.001892148,0,4.142857143,0.207190161,179.516129,30.28432211,0.226430976,0.122053872,0.034511785,0.015151515,0.068181818,0.660359508,0.281929991,0.057710501,31,76,0,0,14,5,0,0,0,0,0,0,19,32,199,159,153,33,60,23,16,24,3,20,22,61,45,42,1,29,4,13,12,13,,4,13,15,15,22,13,21,36,136,78,40,36,22,23,5,21,8,15,11,16,5,25,5,34,32,48,27,49,15,18,13,15,7,16,16,13,14,27,26,7,13,14,,7,21,18,22,3,4,3,23,24,40,7,20,10,3,9,16,43,51,14,21,14,,47,43,6,5
97,Leviticus_8,0.142568251,0.124368049,0.152679474,0.069767442,0.018200202,0.003033367,0.008088979,0,4.046511628,0.202224469,160.625,24.80606551,0.235087719,0.107017544,0.028947368,0.00877193,0.090350877,0.712841254,0.233569262,0.053589484,32,83,0,0,14,14,0,0,0,0,0,0,7,29,172,163,156,5,18,9,37,39,8,30,6,128,138,123,2,16,17,13,14,14,2,4,19,15,17,62,52,8,12,52,43,31,8,10,8,4,12,10,21,10,7,10,2,10,7,9,17,17,12,16,24,,22,8,8,26,4,5,12,5,5,4,18,4,20,9,9,16,6,20,38,39,27,30,10,17,20,5,11,7,5,12,5,4,6,1,7,5,2,26
98,Leviticus_9,0.1248,0.1248,0.192,0.0736,0.0096,0.0016,0.0016,0,4.1488,0.256,184,26.0518363,0.230235784,0.116504854,0.030513176,0.008321775,0.055478502,0.6688,0.2912,0.04,18,56,0,0,12,8,0,0,0,0,0,0,8,15,123,113,112,7,31,11,20,32,4,15,2,76,81,77,5,6,6,7,6,6,4,7,9,15,22,35,20,8,11,49,19,15,12,5,12,2,8,6,13,4,7,10,,7,4,4,10,6,5,9,14,1,17,15,4,8,3,10,12,6,10,3,4,,7,12,13,17,3,15,11,9,4,5,5,15,17,1,2,5,2,6,8,5,6,1,5,2,,10
99,Leviticus_10,0.13036566,0.089030207,0.112877583,0.092209857,0.060413355,0.015898251,0,0.004769475,4.093799682,0.314785374,220,40.02110767,0.225584594,0.144429161,0.067400275,0.023383769,0.064649243,0.704292528,0.252782194,0.042925278,15,61,0,2,11,7,0,0,0,0,0,0,13,9,105,86,62,23,19,12,10,19,8,8,17,51,55,51,4,11,8,10,7,12,3,9,11,8,16,21,5,5,9,40,28,17,17,14,8,7,12,6,3,6,9,16,5,12,10,11,11,17,11,8,15,8,5,4,12,4,6,9,15,6,6,11,13,1,6,11,12,17,15,4,8,4,6,11,8,11,5,6,12,6,6,11,7,8,5,1,10,7,8,12
100,Leviticus_11,0.093189964,0.086917563,0.150537634,0.123655914,0.119175627,0.014336918,0,0,4.163978495,0.203405018,165.0277778,28.06802712,0.163580247,0.145833333,0.041666667,0.033179012,0.076388889,0.64874552,0.313620072,0.037634409,36,108,0,0,17,20,0,0,0,0,0,0,17,28,195,164,114,67,26,27,2,38,15,15,11,92,73,73,11,40,14,4,4,6,2,2,10,17,10,50,25,8,12,35,36,18,26,13,11,8,4,20,11,17,11,19,47,15,32,44,38,14,70,30,14,6,18,2,15,19,12,33,58,34,4,7,3,4,16,27,19,27,9,3,2,13,14,26,14,17,17,11,11,17,51,67,2,1,4,3,51,50,18,3
101,Leviticus_12,0.129277567,0.08365019,0.152091255,0.060836502,0.091254753,0.019011407,0,0,4.060836502,0.406844106,195,32.12659574,0.193979933,0.107023411,0.066889632,0.016722408,0.08361204,0.673003802,0.254752852,0.072243346,7,22,0,0,4,4,0,0,0,0,0,0,7,5,33,28,35,10,15,10,3,5,,10,7,16,15,15,2,2,,,,,,,1,11,12,6,1,5,5,16,11,4,11,1,2,,3,4,,11,,3,8,2,1,2,1,1,14,6,3,2,4,14,6,3,5,2,8,10,3,1,1,4,3,5,5,7,1,1,,1,2,3,,16,,,3,3,14,13,3,3,6,,25,13,3,5
102,Leviticus_13,0.096878364,0.081270183,0.155543595,0.066738428,0.109257266,0.026910657,0.003767492,0.010764263,3.819160388,0.114101184,298.516129,30.53075065,0.160648148,0.115740741,0.091203704,0.04537037,0.075462963,0.686759957,0.296555436,0.016684607,31,171,0,0,52,49,0,0,0,0,0,0,103,101,303,275,249,87,27,18,15,39,31,44,50,105,97,81,5,22,17,4,4,10,5,5,30,11,12,50,23,6,17,50,51,50,90,51,9,18,1,47,9,36,25,15,62,13,30,37,28,58,87,8,11,50,6,42,86,6,8,42,28,31,20,7,10,24,6,7,8,13,13,2,12,66,33,85,1,48,8,1,31,5,71,84,22,,5,3,84,73,23,7
103,Leviticus_14,0.137689615,0.094515753,0.176779463,0.075262544,0.089848308,0.006417736,0.008168028,0.002917153,3.866394399,0.151108518,449.7368421,27.69020806,0.18636127,0.117126497,0.06142634,0.015616866,0.069234774,0.698366394,0.286464411,0.015169195,19,130,0,0,41,14,0,0,0,0,0,0,42,56,298,259,270,48,51,23,12,55,42,49,23,155,163,152,8,30,23,17,17,17,6,34,22,31,37,85,23,5,47,115,82,51,55,15,20,11,3,32,20,7,6,14,31,9,37,39,45,18,90,31,61,37,18,20,46,17,13,11,15,25,14,9,6,11,32,7,17,45,10,10,28,52,37,74,8,31,10,7,19,30,79,91,5,15,15,1,84,82,3,13
104,Leviticus_15,0.111956522,0.097826087,0.129347826,0.081521739,0.114130435,0.007608696,0,0,4.119565217,0.175,160.9,33.21552512,0.175168431,0.12319538,0.053897979,0.024061598,0.119345525,0.642391304,0.319565217,0.038043478,30,72,0,0,9,8,0,0,0,0,0,0,20,5,117,103,107,51,18,12,16,12,12,46,14,90,77,77,2,42,28,6,7,7,2,,5,9,12,42,21,3,14,42,36,9,28,4,4,5,5,3,3,36,8,3,38,6,24,38,28,4,47,7,22,4,5,7,18,17,8,24,58,42,17,3,1,15,15,23,8,13,9,2,7,48,28,39,6,16,7,,15,20,42,46,4,5,9,,54,42,2,6
105,Leviticus_16,0.155440415,0.097582038,0.16148532,0.08462867,0.070811744,0.008635579,0.001727116,0,4.06044905,0.201208981,239.92,30.80966026,0.208012327,0.106317411,0.030816641,0.013867488,0.085516179,0.683937824,0.26597582,0.050086356,25,91,0,0,15,7,0,0,0,0,0,0,31,35,182,172,179,24,26,15,4,18,19,39,20,109,99,99,3,21,9,18,14,14,1,4,11,41,52,60,33,7,18,73,52,40,36,9,12,6,3,8,8,7,4,17,10,9,15,16,30,10,67,23,30,4,30,17,32,13,20,15,12,16,20,6,6,11,8,10,16,24,10,15,22,33,22,29,6,41,18,5,7,19,55,70,17,10,11,,54,54,6,23
106,Leviticus_17,0.149819495,0.064981949,0.160649819,0.106498195,0.075812274,0.018050542,0,0,4.079422383,0.297833935,240.0833333,35.12091999,0.215088283,0.123595506,0.020866774,0.027287319,0.081861958,0.682310469,0.267148014,0.050541516,12,42,0,0,7,9,0,0,0,0,0,0,4,11,105,86,65,17,11,12,3,9,6,6,13,27,22,22,1,18,4,4,2,3,1,5,8,11,13,12,2,3,20,49,36,19,8,11,8,1,10,5,8,11,10,8,13,5,19,25,25,12,17,15,9,3,6,5,5,6,14,14,22,18,11,2,11,1,6,23,20,25,1,1,1,9,9,15,6,25,5,8,4,5,15,19,7,,16,4,16,15,7,7
107,Leviticus_18,0.112275449,0.028443114,0.089820359,0.115269461,0.068862275,0.03742515,0,0,4.353293413,0.266467066,142.0769231,35.43735612,0.23857868,0.128172589,0.05964467,0.050761421,0.086294416,0.637724551,0.278443114,0.083832335,26,47,0,0,24,5,0,1,1,0,0,0,8,8,123,90,47,11,5,4,4,6,2,17,7,22,21,21,4,7,2,13,6,14,22,22,6,6,16,10,1,1,7,32,32,25,7,11,2,3,2,2,12,53,13,15,2,10,7,7,8,9,16,6,10,3,7,5,8,9,2,9,22,45,14,2,5,1,14,5,4,18,4,1,1,2,1,17,3,13,4,8,1,4,35,15,3,14,3,24,43,35,27,6
108,Leviticus_19,0.10567297,0.04894327,0.112347052,0.10567297,0.092324805,0.03003337,0.001112347,0,4.050055617,0.318131257,126.1081081,41.47982189,0.243427459,0.144109056,0.05744888,0.040895813,0.063291139,0.678531702,0.285873192,0.035595106,37,57,0,0,29,6,0,0,0,0,0,0,18,10,142,105,77,25,14,8,9,12,13,9,14,40,42,39,12,16,2,13,9,20,21,21,9,11,14,16,8,11,11,36,29,18,25,13,4,4,7,16,19,25,8,6,15,6,8,11,12,11,47,8,21,9,8,13,17,10,9,9,16,26,10,7,3,2,9,13,11,20,2,5,3,15,6,9,5,18,8,24,10,5,60,46,6,9,6,25,60,58,35,8
109,Leviticus_20,0.103942652,0.075268817,0.088410992,0.100358423,0.115890084,0.008363202,0,0,4.077658303,0.259259259,175.32,44.78579806,0.201646091,0.153292181,0.023662551,0.024691358,0.12654321,0.669056153,0.281959379,0.048984468,25,60,0,0,24,14,0,0,0,0,0,0,5,14,102,92,45,37,10,11,17,15,16,21,9,56,55,53,4,39,2,32,14,15,3,4,17,9,10,25,7,2,3,24,19,13,21,6,5,7,6,6,16,31,18,5,24,8,18,27,18,5,42,7,5,5,8,20,7,9,19,10,22,23,6,8,4,11,16,10,8,24,7,7,9,34,26,30,14,14,6,6,17,9,41,52,4,2,3,9,44,41,7,6
110,Leviticus_21,0.139455782,0.066326531,0.12585034,0.091836735,0.095238095,0.020408163,0,0,3.889455782,0.290816327,185.5625,32.13844646,0.191520468,0.134502924,0.039473684,0.026315789,0.125730994,0.714285714,0.253401361,0.032312925,16,59,0,0,13,9,0,0,0,0,0,0,7,8,74,69,61,12,10,9,6,8,14,30,1,25,21,20,2,13,1,5,1,6,1,1,6,19,21,13,5,,6,30,22,13,16,1,2,1,11,11,3,19,4,2,9,7,13,23,15,1,23,3,8,3,8,19,6,6,10,7,15,18,7,1,3,3,9,14,14,22,8,2,3,36,26,34,2,40,2,1,11,5,23,23,3,4,6,1,27,24,20,5
111,Leviticus_22,0.126136364,0.075,0.123863636,0.1,0.104545455,0.021590909,0,0,3.986363636,0.272727273,173.8461538,43.8955456,0.193293886,0.134122288,0.049309665,0.024654832,0.09566075,0.686363636,0.276136364,0.0375,26,77,0,0,14,13,0,0,0,0,0,0,11,7,132,107,75,29,35,17,10,10,15,17,13,38,32,30,2,18,2,12,7,10,3,5,10,13,16,15,7,2,10,62,42,26,23,12,16,3,10,11,11,23,13,7,22,10,14,22,29,17,43,9,6,4,9,23,11,17,15,24,35,33,6,3,7,6,11,26,23,30,4,3,3,17,13,23,10,37,6,8,13,3,39,48,10,5,15,2,40,35,20,3
112,Leviticus_23,0.14309076,0.05478332,0.144726083,0.087489779,0.097301717,0.007358953,0,0,4.112837285,0.185609158,177.8055556,39.45829231,0.244719592,0.117989803,0.065549891,0.020393299,0.049526584,0.663941128,0.294358136,0.041700736,36,73,0,0,31,10,0,0,0,0,0,0,23,25,171,150,120,37,42,24,8,13,8,3,32,65,48,46,5,36,7,11,8,10,6,9,11,18,20,25,13,31,8,89,57,30,57,15,15,8,31,11,5,15,12,17,29,9,12,14,20,15,71,12,19,19,21,25,23,20,14,13,43,23,7,14,6,27,8,42,41,49,3,1,1,4,5,12,5,18,9,29,9,5,67,76,16,14,32,8,71,67,13,17
113,Leviticus_24,0.152173913,0.061594203,0.150362319,0.101449275,0.074275362,0.001811594,0,0,4.039855072,0.336956522,142.95,39.71169298,0.228209192,0.126782884,0.034865293,0.025356577,0.087163233,0.688405797,0.264492754,0.047101449,20,38,0,0,10,6,0,1,1,0,0,0,11,8,79,64,65,22,12,9,6,16,6,16,10,33,35,32,2,16,3,3,3,4,6,7,10,13,17,8,12,6,10,25,23,11,10,10,2,1,4,6,11,4,1,11,12,7,13,16,14,11,25,15,20,3,3,12,11,3,10,3,8,9,4,4,6,2,12,9,8,17,2,4,8,17,7,9,5,11,3,5,6,4,22,23,13,1,6,4,25,22,,11
114,Leviticus_25,0.147423353,0.061969993,0.109589041,0.114155251,0.084148728,0.02283105,0.001304631,0.001304631,3.991519896,0.187866928,178.0909091,39.87907556,0.204188482,0.129726585,0.053519488,0.026759744,0.095404305,0.691454664,0.272015656,0.03652968,44,89,0,1,27,23,0,0,0,0,0,0,37,28,250,194,141,37,14,15,11,17,11,32,35,81,96,93,41,44,11,20,20,24,18,27,24,33,35,43,9,10,19,80,82,44,49,20,13,13,13,12,16,34,11,14,33,11,24,27,33,25,71,12,27,5,12,21,37,8,23,16,41,38,26,12,28,22,19,42,35,54,14,11,9,54,23,32,8,40,5,26,9,10,78,77,8,19,28,20,77,77,25,9
115,Leviticus_26,0.104967949,0.092147436,0.064903846,0.100961538,0.108173077,0.018429487,0.000801282,0,4.033653846,0.233173077,169.6578947,36.93165107,0.185865724,0.141342756,0.026855124,0.040989399,0.130035336,0.688301282,0.289262821,0.022435897,38,86,0,0,21,21,0,0,0,0,0,0,24,18,138,132,60,29,12,19,12,27,6,16,38,107,133,124,9,16,12,52,9,14,2,3,12,15,21,52,6,5,7,40,40,21,35,5,14,11,11,9,6,16,5,12,16,8,12,13,17,9,66,4,11,5,10,7,31,22,8,14,18,20,7,11,10,12,8,18,21,28,19,10,4,3,3,3,12,18,16,50,10,11,57,111,3,7,12,25,60,58,21,21
116,Leviticus_27,0.120167189,0.057471264,0.133751306,0.101358412,0.124346917,0.026123302,0,0,3.971786834,0.200626959,157.4193548,36.36199099,0.184088807,0.123034228,0.067530065,0.036077706,0.084181314,0.669801463,0.284221526,0.045977011,31,71,0,0,12,7,0,0,0,0,0,0,5,15,151,126,113,56,18,14,14,16,13,24,34,44,45,38,12,14,1,6,1,5,1,4,7,8,10,16,16,24,7,48,51,24,25,33,8,3,13,17,7,17,9,3,44,19,9,11,13,44,65,6,23,11,10,22,5,6,15,19,29,15,9,5,6,4,13,27,26,40,8,11,1,18,10,14,1,19,9,,3,5,57,69,5,11,25,1,71,57,13,3
117,Numbers_1,0.1994003,0.050224888,0.143928036,0.059970015,0.049475262,0.002998501,0,0,4.344077961,0.152173913,203.9444444,27.49406935,0.21626856,0.094899935,0.044544868,0.023886378,0.056810846,0.588455772,0.367316342,0.044227886,36,140,0,0,11,28,0,0,0,0,0,0,7,16,296,239,134,10,18,18,26,21,23,4,41,63,84,85,17,20,15,5,3,4,33,37,9,27,21,47,22,12,38,152,152,87,21,2,1,4,2,22,11,28,69,54,19,7,36,35,35,4,34,27,68,3,20,1,7,62,9,4,3,40,28,7,16,7,47,3,3,48,1,39,1,4,4,5,17,2,22,6,1,27,14,34,47,25,15,4,16,17,3,9
118,Numbers_2,0.136308806,0.110977081,0.15199035,0.049457177,0.102533172,0.007237636,0,0,4.35464415,0.176115802,122.3243243,28.05214902,0.217864924,0.128540305,0.029411765,0.019607843,0.05664488,0.61761158,0.351025332,0.031363088,37,35,0,0,16,1,0,0,0,0,0,0,20,20,198,128,81,21,6,6,30,43,7,1,25,90,119,110,,6,,3,3,3,40,31,7,19,10,14,21,8,13,83,82,38,27,,1,3,1,5,9,8,58,40,27,3,21,20,20,,34,38,46,5,11,,7,2,4,2,3,3,4,6,19,9,5,3,3,7,,29,12,19,14,14,9,,6,9,,13,28,34,39,4,7,,30,31,2,4
119,Numbers_3,0.155572755,0.0874613,0.196594427,0.04876161,0.045665635,0,0,0.000773994,4.336687307,0.183436533,172.2926829,23.33905978,0.253588517,0.097744361,0.032125769,0.010252905,0.036910458,0.618421053,0.322755418,0.058823529,41,96,0,0,16,12,0,2,2,0,0,0,12,24,321,284,224,24,17,16,20,71,11,5,21,112,123,120,1,18,6,3,3,5,19,19,5,7,14,54,25,35,29,131,127,81,41,2,6,10,11,17,12,17,36,39,14,7,21,24,19,3,39,44,60,1,20,8,17,25,12,10,12,22,14,9,21,6,18,12,11,26,5,25,4,9,6,9,13,9,23,3,7,23,26,38,21,33,9,7,32,25,2,19
120,Numbers_4,0.170077629,0.083274524,0.175017643,0.071983063,0.052223006,0.004234298,0,0,4.323218066,0.155963303,321.9583333,24.68293921,0.232688709,0.089831566,0.035558328,0.015595758,0.064878353,0.632321807,0.311220889,0.056457304,24,131,0,0,19,6,0,0,0,0,0,0,26,37,349,293,193,7,31,22,18,48,19,,18,114,126,124,16,26,,8,11,13,15,19,21,12,12,69,28,10,40,124,122,78,47,6,7,10,8,8,24,26,55,20,6,14,27,31,25,14,53,38,51,5,18,14,35,45,3,13,18,27,30,3,25,27,25,16,19,42,21,33,7,13,17,25,15,11,28,4,9,28,34,53,4,48,22,3,35,33,4,47
121,Numbers_5,0.107897664,0.095661846,0.147942158,0.068965517,0.095661846,0.013348165,0,0,4.096774194,0.239154616,336.2857143,33.83230521,0.186952288,0.146056475,0.055501461,0.027263875,0.070107108,0.658509455,0.323692992,0.017797553,14,84,0,0,17,10,0,0,0,0,0,0,10,15,157,125,109,36,21,14,3,27,12,30,23,85,81,72,3,26,12,17,11,11,6,6,16,3,7,48,8,5,3,40,31,15,14,14,8,18,7,16,17,30,7,5,24,8,14,18,13,10,45,17,30,21,11,8,16,9,17,13,17,37,9,9,3,4,16,15,19,34,10,4,10,16,14,17,4,8,4,1,16,10,42,43,12,5,11,4,47,41,9,10
122,Numbers_6,0.148048452,0.074024226,0.141318977,0.072678331,0.069986541,0.004037685,0.001345895,0,4.162853297,0.269179004,245.4375,28.96767228,0.233253589,0.104066986,0.04784689,0.007177033,0.090909091,0.685060565,0.259757739,0.055181696,16,61,0,0,15,2,0,0,0,0,0,0,6,14,115,109,104,11,28,12,9,15,16,30,9,48,47,46,3,10,6,12,7,9,3,5,8,16,19,27,18,8,13,67,45,19,23,1,8,4,8,9,6,7,2,7,5,4,8,10,14,2,37,7,15,11,3,11,3,8,7,7,25,13,9,8,3,17,6,19,17,23,8,3,8,39,37,45,8,28,5,1,8,7,33,37,8,12,18,,39,36,6,9
123,Numbers_7,0.169587629,0.037628866,0.144329897,0.069587629,0.009793814,0.000515464,0.012886598,0,4.241237113,0.115979381,436.7083333,27.15388749,0.291796009,0.063858093,0.075388027,0.002660754,0.035033259,0.644329897,0.319072165,0.036597938,24,194,0,0,83,15,0,0,0,0,0,0,15,24,277,239,221,9,102,50,38,28,16,24,43,75,58,59,28,37,47,14,14,15,2,5,1,61,59,27,59,42,63,318,229,108,94,5,32,13,32,7,7,14,32,10,2,33,12,10,23,8,7,13,23,27,8,50,17,83,3,11,12,51,28,46,28,22,7,11,12,18,7,20,6,18,29,29,20,56,12,17,4,14,2,32,63,52,11,1,62,8,1,3
124,Numbers_8,0.162790698,0.078488372,0.162790698,0.050872093,0.04505814,0.007267442,0,0,4.393895349,0.254360465,189.55,31.86968232,0.241558442,0.132467532,0.033766234,0.019480519,0.055844156,0.625,0.322674419,0.052325581,20,44,0,0,15,4,0,0,0,0,0,0,9,18,151,134,92,14,21,19,9,27,3,3,30,53,56,47,2,5,7,3,3,3,11,11,2,13,21,18,13,8,13,53,41,18,8,2,4,4,6,3,19,9,7,12,2,8,7,7,8,1,17,28,21,3,10,5,9,10,7,5,19,13,11,7,8,11,14,19,19,31,2,10,2,5,6,7,18,13,6,1,7,8,21,17,27,4,15,11,24,23,3,13
125,Numbers_9,0.157676349,0.059474412,0.172890733,0.091286307,0.041493776,0.01659751,0,0,4.146611342,0.24757953,200.5789474,33.01194892,0.214723926,0.126380368,0.026993865,0.030674847,0.073619632,0.691562932,0.232365145,0.076071923,19,56,0,1,15,2,0,0,0,0,0,0,17,30,146,132,101,7,19,17,18,19,2,5,28,35,46,39,8,9,12,6,1,1,1,1,4,6,6,17,12,6,13,48,43,19,8,11,11,7,6,3,21,11,16,15,3,13,14,15,26,16,16,34,16,2,6,9,16,9,8,11,13,14,9,2,7,6,9,11,10,19,6,10,,8,7,9,1,9,6,16,2,5,12,19,14,4,11,1,13,12,8,14
126,Numbers_10,0.159192825,0.067264574,0.15470852,0.069506726,0.044843049,0.010089686,0,0.001121076,4.070627803,0.279147982,132.2571429,30.00167544,0.228,0.133,0.025,0.029,0.07,0.717488789,0.230941704,0.051569507,35,51,0,0,11,9,0,0,0,0,0,0,11,21,183,165,123,17,17,12,5,22,10,5,29,55,60,56,5,11,17,15,7,7,8,10,9,17,21,10,21,4,16,84,81,41,40,6,16,7,11,13,13,6,4,8,15,11,10,13,11,6,20,30,39,20,8,3,11,13,7,13,8,20,18,2,19,12,20,9,8,25,4,4,3,5,4,5,9,9,8,20,3,9,18,24,27,15,13,8,20,21,3,6
127,Numbers_11,0.11731315,0.092715232,0.131504257,0.097445601,0.049195837,0.016083254,0.000946074,0,3.987701041,0.293282876,201.5555556,36.77940298,0.188264059,0.157294214,0.040749796,0.027709861,0.081499593,0.715231788,0.259224219,0.025543992,27,98,1,12,17,12,2,0,0,0,0,0,17,24,204,174,112,18,8,11,29,56,6,8,16,87,91,96,8,10,14,12,6,7,12,15,14,14,16,41,13,11,20,38,38,24,19,22,6,15,16,18,21,26,26,23,4,16,19,21,28,21,23,19,27,11,6,11,17,18,9,20,21,12,12,16,2,11,15,21,21,31,15,13,5,10,10,16,23,15,15,11,14,12,10,30,6,9,10,12,13,10,15,10
128,Numbers_12,0.114285714,0.090909091,0.093506494,0.07012987,0.057142857,0.025974026,0.002597403,0.007792208,4.049350649,0.428571429,125.4375,37.9532374,0.182222222,0.164444444,0.053333333,0.06,0.086666667,0.688311688,0.277922078,0.033766234,16,34,0,4,6,3,0,1,1,0,0,0,13,4,42,41,40,12,1,1,13,13,5,16,9,33,32,30,3,6,5,5,1,2,,2,7,3,3,12,7,4,6,11,10,9,6,1,3,2,5,11,3,12,6,4,5,,1,3,1,1,4,7,5,3,7,3,11,7,4,9,9,9,1,3,1,5,2,9,9,11,3,8,3,4,1,4,1,2,4,1,9,1,2,7,1,2,2,,6,2,10,4
129,Numbers_13,0.172506739,0.083557951,0.148247978,0.070080863,0.029649596,0.006738544,0.001347709,0,3.928571429,0.326145553,114.4545455,25.22649157,0.222222222,0.122685185,0.03125,0.019675926,0.064814815,0.700808625,0.274932615,0.02425876,33,69,0,0,8,11,0,1,1,0,0,0,10,7,142,135,92,13,4,6,8,28,3,3,14,55,69,64,6,6,5,6,3,4,3,2,5,3,5,25,16,6,18,76,76,29,24,9,9,12,9,9,13,15,12,15,22,6,9,13,16,10,9,16,26,3,7,6,13,13,5,17,11,12,6,2,20,15,11,13,12,22,2,3,2,3,2,5,6,8,4,2,3,8,1,12,23,6,9,3,5,4,3,7
130,Numbers_14,0.128595601,0.070219966,0.116751269,0.098984772,0.070219966,0.017766497,0,0.000846024,4.145516074,0.275803723,189.5454545,42.65662585,0.190125276,0.155490052,0.030213707,0.04568902,0.079587325,0.693739425,0.258037225,0.04822335,33,110,2,6,13,8,0,2,2,0,0,0,21,29,210,173,113,27,25,22,29,33,15,11,28,71,91,74,24,17,4,31,8,11,9,9,9,17,26,37,18,4,7,43,43,26,23,8,5,14,17,23,14,18,16,25,10,14,16,19,17,10,36,22,23,12,17,10,34,15,5,27,19,13,9,16,7,13,21,20,26,43,12,17,8,6,17,22,19,12,14,13,22,18,18,53,13,5,19,9,21,18,19,14
131,Numbers_15,0.157156221,0.07857811,0.158091674,0.102899906,0.071094481,0.009354537,0,0,4.104770814,0.214218896,192.7586207,34.81558,0.231727575,0.118770764,0.031561462,0.014950166,0.070598007,0.694106642,0.25070159,0.055191768,29,88,0,0,10,9,0,0,0,0,0,0,23,9,155,120,98,26,53,37,12,18,9,16,23,67,64,57,2,33,2,20,14,15,8,10,11,39,41,29,9,15,10,86,50,20,20,9,22,5,18,14,11,5,4,10,19,13,24,29,30,11,43,25,13,6,8,37,16,16,17,15,27,21,12,9,15,2,10,28,29,39,13,7,8,24,7,9,8,45,13,30,10,14,37,46,25,5,27,10,37,35,3,19
132,Numbers_16,0.130402385,0.093889717,0.125931446,0.098360656,0.038002981,0.010432191,0.000745156,0.001490313,4.137108793,0.236959762,221.96875,36.33892528,0.212491951,0.142305216,0.035415325,0.026400515,0.080489375,0.695230999,0.266766021,0.038002981,32,131,0,7,28,14,0,0,0,0,0,0,14,23,244,206,133,23,21,14,32,47,11,17,25,119,123,123,13,25,6,17,8,9,13,13,19,12,20,47,29,4,18,69,63,36,20,5,10,11,18,16,25,20,21,26,9,26,30,31,27,7,35,33,42,16,13,14,23,18,15,12,31,15,17,8,14,11,30,29,33,53,3,39,11,18,12,18,27,16,29,3,17,18,8,39,16,13,17,16,7,6,12,41
133,Numbers_17,0.157738095,0.06547619,0.130952381,0.071428571,0.038690476,0.00297619,0,0.005952381,4.154761905,0.366071429,152.3636364,37.59103295,0.225641026,0.138461538,0.023076923,0.020512821,0.074358974,0.648809524,0.30952381,0.041666667,11,29,0,1,7,2,0,0,0,0,0,0,3,5,53,49,32,9,10,6,4,10,6,2,7,22,23,21,1,4,2,6,4,2,4,9,1,6,10,7,6,2,12,22,22,9,,2,2,,3,6,3,6,2,5,3,5,3,3,3,2,10,7,16,2,3,3,3,9,4,4,7,1,2,3,2,,9,7,8,15,5,4,2,4,2,2,2,5,5,,,3,9,12,5,1,7,4,9,9,1,5
134,Numbers_18,0.168014376,0.061994609,0.145552561,0.118598383,0.074573226,0.011680144,0.000898473,0.002695418,4.171608266,0.202156334,190.2580645,35.61722768,0.245027844,0.109785203,0.058870326,0.023866348,0.054892601,0.667565139,0.283917341,0.04851752,31,83,0,0,20,7,0,0,0,0,0,0,13,21,252,197,119,33,33,27,12,32,15,12,36,62,56,53,5,16,2,14,11,18,17,21,8,19,25,24,6,14,36,104,85,45,27,10,11,8,11,14,18,22,9,12,18,13,9,10,16,18,51,27,38,13,13,13,22,13,5,16,28,21,16,31,8,10,12,28,27,39,16,5,,,3,10,10,23,20,13,19,12,49,49,23,12,27,17,51,47,9,14
135,Numbers_19,0.114035088,0.092105263,0.153508772,0.090643275,0.109649123,0.016081871,0,0,4.114035088,0.245614035,239.1333333,32.01992099,0.176774194,0.121290323,0.060645161,0.027096774,0.082580645,0.65497076,0.305555556,0.039473684,15,58,0,0,13,6,0,0,0,0,0,0,13,20,98,83,83,25,8,7,5,7,12,33,13,54,53,53,,26,17,7,7,7,3,3,8,8,10,31,27,1,9,27,25,12,18,9,4,5,3,5,9,15,5,3,20,6,20,25,21,10,41,16,17,6,5,18,14,5,7,8,29,26,7,1,4,13,7,12,10,11,4,5,10,21,13,24,3,13,3,1,4,11,38,41,5,3,7,,38,38,8,7
136,Numbers_20,0.139974779,0.095838588,0.098360656,0.054224464,0.039092055,0.022698613,0.001261034,0.001261034,4.118537201,0.296343001,198.8095238,40.28992629,0.221734358,0.13611416,0.040614709,0.045005488,0.080131723,0.67591425,0.290037831,0.034047919,21,67,1,3,19,7,0,0,0,0,0,0,12,14,128,111,75,14,11,9,23,26,7,9,18,71,75,70,3,12,16,15,7,10,8,10,10,7,14,25,22,4,7,35,35,14,8,2,8,16,11,10,5,24,14,11,2,13,4,6,5,3,11,20,15,11,7,3,17,12,1,10,18,15,5,10,4,3,13,25,23,31,8,14,6,18,16,19,9,11,5,7,12,6,10,18,10,1,18,7,11,10,11,17
137,Numbers_21,0.158798283,0.080472103,0.125536481,0.07832618,0.037553648,0.013948498,0,0,4.083690987,0.310085837,157.5483871,37.62411497,0.21223355,0.145505097,0.03429101,0.027803522,0.070435589,0.68776824,0.282188841,0.030042918,31,84,1,1,21,9,1,0,0,0,0,0,16,15,158,140,102,7,13,13,25,29,10,18,18,72,81,75,3,12,14,13,2,3,4,4,11,13,15,34,18,4,11,52,53,26,12,7,8,19,8,17,15,18,16,11,2,10,12,15,18,9,13,15,18,11,15,8,24,16,5,15,18,9,6,8,8,13,26,19,22,40,9,11,9,21,16,27,7,10,10,4,13,8,5,17,5,8,14,4,4,5,8,7
138,Numbers_22,0.146422629,0.079034942,0.108153078,0.084026622,0.042429285,0.013311148,0.00249584,0.006655574,3.84109817,0.25374376,162.2162162,42.1113975,0.214131218,0.155731795,0.051189618,0.042537851,0.071377073,0.742096506,0.241264559,0.016638935,37,107,0,9,23,6,1,0,0,0,0,0,18,20,202,153,116,14,14,8,17,33,10,21,13,99,95,90,4,23,22,20,15,17,14,14,10,11,18,39,13,7,8,52,51,25,14,2,8,25,34,18,19,19,20,22,1,17,20,24,27,2,17,6,40,16,27,9,21,9,4,18,40,17,9,8,8,9,27,38,42,67,23,5,12,23,19,27,8,14,6,4,16,7,11,24,8,17,23,15,16,11,18,14
139,Numbers_23,0.108870968,0.100806452,0.086021505,0.080645161,0.068548387,0.02688172,0,0.012096774,3.907258065,0.295698925,157.6666667,34.86621716,0.194318182,0.171590909,0.052272727,0.035227273,0.092045455,0.701612903,0.282258065,0.016129032,24,82,2,9,12,6,0,0,0,0,0,0,6,,74,62,59,9,9,7,12,9,11,33,12,74,71,69,2,20,,8,3,7,7,10,8,2,1,31,7,3,1,30,23,8,22,4,10,1,23,13,10,14,14,12,3,10,7,23,14,6,14,1,17,11,2,14,7,6,5,11,21,8,1,3,2,13,16,22,20,28,15,12,16,20,8,12,10,4,15,1,19,4,12,18,3,3,4,7,16,12,13,7
140,Numbers_24,0.1,0.090909091,0.08030303,0.081818182,0.083333333,0.010606061,0.001515152,0.006060606,4.036363636,0.38030303,202,40.14066515,0.192755498,0.168175938,0.055627426,0.034928849,0.08538163,0.672727273,0.301515152,0.025757576,17,72,2,2,12,6,0,0,0,0,0,0,4,2,76,57,58,14,10,8,11,15,8,24,6,51,52,51,2,16,7,4,1,3,5,6,12,6,8,36,8,3,5,23,23,6,13,3,10,9,19,19,5,8,4,8,7,5,8,18,13,2,32,6,23,8,7,9,6,12,3,15,7,9,5,3,2,6,17,6,7,17,12,4,13,30,24,26,2,7,10,3,14,1,27,31,5,6,6,4,29,27,7,8
141,Numbers_25,0.165919283,0.071748879,0.168161435,0.062780269,0.022421525,0.002242152,0,0.004484305,4.159192825,0.367713004,169,30.6283482,0.246575342,0.1037182,0.043052838,0.019569472,0.068493151,0.661434978,0.30044843,0.038116592,14,44,0,0,4,3,2,0,0,0,0,0,14,15,80,68,63,9,4,6,12,13,4,9,11,32,31,28,,7,11,4,4,4,3,3,,6,8,13,8,2,6,38,38,12,12,1,4,8,10,4,3,3,5,6,1,12,7,8,7,2,4,10,9,3,7,7,11,8,6,7,9,10,4,3,6,1,3,9,10,12,2,4,5,8,5,5,4,6,2,1,5,2,1,3,14,4,5,2,2,1,2,9
142,Numbers_26,0.184519696,0.062888735,0.183137526,0.03455425,0.029716655,0.004837595,0,0,4.447131997,0.227366966,142.6491228,20.47002094,0.261484099,0.09246172,0.021201413,0.010600707,0.036513545,0.599170698,0.343469247,0.057360055,57,115,0,0,71,7,0,0,0,0,0,0,11,16,364,311,230,19,17,17,33,38,15,14,23,87,109,105,5,7,7,5,4,5,27,19,4,13,9,14,13,85,3,221,221,105,42,1,1,8,7,9,4,23,56,62,4,74,23,23,22,2,14,17,55,6,35,5,15,9,15,13,6,29,23,11,28,4,22,6,6,25,4,30,2,2,2,3,22,3,4,6,8,4,9,10,20,44,17,2,31,10,9,7
143,Numbers_27,0.140752864,0.073649755,0.122749591,0.081833061,0.055646481,0.011456628,0.001636661,0,4.171849427,0.31096563,190.9411765,29.98932669,0.236051502,0.118741059,0.022889843,0.018597997,0.090128755,0.680851064,0.268412439,0.050736498,17,56,0,1,7,6,0,0,0,0,0,0,11,10,100,97,68,19,5,4,8,13,13,10,15,43,51,46,,3,4,3,1,1,6,7,3,2,16,24,14,1,7,37,37,10,15,1,2,5,7,4,7,21,4,15,5,14,5,6,8,3,17,16,15,3,7,8,20,5,12,10,14,10,7,13,10,5,6,15,15,19,4,5,10,27,17,20,8,3,8,4,12,7,15,17,16,7,7,6,18,15,10,17
144,Numbers_28,0.16025641,0.062820513,0.144871795,0.065384615,0.058974359,0,0,0,4.129487179,0.182051282,227.7777778,43.43431828,0.282633371,0.080590238,0.074914869,0.006810443,0.03291714,0.624358974,0.338461538,0.037179487,18,55,0,0,12,15,0,1,1,0,0,0,17,11,98,81,64,18,50,22,11,16,2,,10,46,37,37,6,28,1,14,12,12,12,16,11,28,24,21,2,14,11,89,37,14,21,2,31,4,17,2,9,6,6,4,11,10,,,14,3,23,5,13,7,5,35,10,7,11,4,26,21,5,3,,15,4,26,25,29,4,4,4,9,9,16,3,24,1,20,3,3,31,23,6,11,17,9,30,30,3,11
145,Numbers_29,0.131937173,0.089005236,0.130890052,0.04921466,0.052356021,0.00104712,0,0,4.376963351,0.132984293,406.8461538,32.80949848,0.283528353,0.055805581,0.075607561,0.00360036,0.054005401,0.579057592,0.37382199,0.047120419,13,99,0,0,27,18,0,0,0,0,0,0,13,11,131,120,86,23,83,30,4,25,,,20,83,80,80,10,24,,13,13,13,10,12,14,52,43,54,10,15,5,105,31,22,24,1,38,4,8,,3,3,3,1,12,14,1,1,28,2,29,10,20,12,11,30,2,42,12,,11,12,29,5,2,18,14,11,11,24,2,1,12,16,17,18,,43,1,25,4,4,28,30,12,10,18,1,28,28,4,13
146,Numbers_30,0.081349206,0.081349206,0.093253968,0.10515873,0.063492063,0.021825397,0,0,3.992063492,0.248015873,198.8461538,38.67720008,0.2,0.137391304,0.00173913,0.026086957,0.191304348,0.698412698,0.253968254,0.047619048,13,39,0,0,7,10,0,0,0,0,0,0,8,6,47,45,46,7,9,8,8,8,18,85,11,27,44,48,11,24,1,5,11,11,,3,9,3,3,12,3,1,,11,11,1,7,1,4,,1,11,1,74,10,2,,1,8,16,14,6,28,2,6,1,6,9,9,9,9,15,3,57,2,4,12,,4,3,3,7,2,4,33,10,11,13,7,7,8,,9,1,18,24,3,1,3,,30,18,5,6
147,Numbers_31,0.142266336,0.102564103,0.154673284,0.071133168,0.028122415,0.005789909,0,0.00082713,4.282878412,0.23490488,182.9166667,25.00015728,0.240596167,0.116394606,0.032647268,0.01774308,0.034776437,0.64681555,0.314309347,0.038875103,36,131,0,1,11,9,0,2,2,0,0,0,5,15,257,192,153,21,16,9,24,46,13,2,32,124,154,140,3,24,30,11,11,11,33,34,8,9,14,60,13,6,20,102,96,43,23,7,8,16,7,10,23,8,15,21,5,18,13,18,15,6,31,32,28,9,13,7,8,41,18,21,19,10,17,20,6,11,20,18,21,33,10,30,1,5,2,4,12,10,26,8,19,19,16,32,24,19,24,2,16,10,5,15
148,Numbers_32,0.130693069,0.094059406,0.111881188,0.056435644,0.059405941,0.012871287,0.000990099,0.002970297,4.212871287,0.275247525,217.24,30.21163349,0.234441603,0.128729753,0.036658142,0.032395567,0.066496164,0.659405941,0.305940594,0.034653465,25,111,0,2,13,8,5,1,1,0,0,0,12,19,149,134,102,31,13,7,22,37,7,11,44,91,106,101,5,8,9,23,4,5,,2,7,21,31,54,14,5,14,59,60,15,19,3,6,13,15,18,10,18,10,19,9,11,7,10,6,3,20,34,22,2,5,5,20,12,11,14,23,14,6,14,10,8,17,25,22,34,9,14,8,6,9,11,13,15,4,22,17,4,12,33,32,12,19,6,18,12,10,9
149,Numbers_33,0.198062433,0.124865447,0.083961249,0.083961249,0.02583423,0.005382131,0,0,4.537136706,0.256189451,100.0566038,23.0617729,0.21682243,0.139252336,0.030841121,0.010280374,0.068224299,0.617868676,0.320775027,0.061356297,53,74,0,0,8,5,20,0,0,0,0,0,48,23,145,138,72,11,8,7,90,60,2,2,15,115,127,124,5,8,4,10,2,6,3,1,8,7,12,54,5,8,5,44,44,17,10,2,9,11,2,4,7,14,8,16,2,2,11,6,14,3,19,11,11,5,5,,56,8,5,12,9,9,6,6,1,3,11,17,11,21,3,17,1,3,1,4,4,5,11,10,10,7,12,20,8,19,11,2,14,14,2,6
150,Numbers_34,0.199683043,0.06022187,0.16481775,0.031695721,0.069730586,0.001584786,0,0,4.122028526,0.261489699,183.8888889,24.71067961,0.25884017,0.107496464,0.02970297,0.004243281,0.032531825,0.632329635,0.335974643,0.031695721,18,37,0,0,16,4,4,1,1,0,0,0,2,11,120,115,99,12,11,4,6,34,5,,21,37,49,47,1,11,,3,2,2,,2,6,8,8,13,18,2,29,69,71,30,25,4,9,2,6,2,2,13,4,3,25,4,1,1,6,3,28,19,24,7,6,2,9,5,2,5,10,11,4,5,15,6,17,12,11,27,2,3,1,,8,9,2,7,1,9,12,7,30,28,25,8,12,2,32,27,2,11
151,Numbers_35,0.15010352,0.059006211,0.134575569,0.104554865,0.094202899,0.013457557,0,0,4.107660455,0.220496894,201.76,33.07402787,0.201112141,0.141797961,0.020389249,0.024096386,0.083410565,0.639751553,0.332298137,0.027950311,25,55,0,0,22,11,0,0,0,0,0,0,12,14,153,124,123,24,11,10,6,21,14,31,11,48,57,57,1,25,7,14,17,21,10,13,22,20,22,15,19,9,6,52,52,19,46,3,3,8,5,5,16,17,19,5,20,7,17,18,20,4,54,33,19,8,5,10,18,7,11,23,17,25,10,19,7,1,19,15,14,33,16,5,6,34,13,20,9,23,4,3,11,8,50,59,7,9,22,3,54,50,10,8
152,Numbers_36,0.204035874,0.042600897,0.168161435,0.038116592,0.060538117,0.006726457,0,0,4.419282511,0.273542601,246.2,27.10190872,0.269776876,0.103448276,0.010141988,0.024340771,0.060851927,0.621076233,0.295964126,0.082959641,10,27,0,0,7,2,0,0,0,0,0,0,3,4,88,98,65,11,5,3,9,10,1,1,19,20,25,19,2,3,1,1,,1,,,3,3,5,7,3,8,20,57,57,30,7,1,1,4,4,5,5,35,4,7,18,11,2,3,2,1,12,15,20,,1,,21,5,11,6,5,6,2,4,12,,12,7,8,20,1,,1,6,5,6,1,3,,4,2,5,12,12,15,16,12,,12,12,2,8
153,Deuteronomy_1,0.136975455,0.076801267,0.098970705,0.106096595,0.053840063,0.017418844,0,0.002375297,3.928741093,0.26682502,189.2647059,39.12386778,0.190767142,0.149355058,0.033265445,0.036659878,0.101154107,0.727632621,0.245447348,0.026920032,34,143,1,2,11,14,2,2,2,0,0,0,37,25,164,138,108,30,21,16,27,24,15,21,23,91,111,98,17,18,11,14,3,10,5,8,10,13,21,62,8,5,7,38,37,20,26,7,7,18,22,13,18,19,9,23,6,15,18,28,27,11,25,13,23,10,20,7,41,28,9,24,32,20,13,15,9,16,28,39,38,60,14,10,7,11,12,18,8,11,12,39,23,8,14,29,8,10,21,12,18,15,16,8
154,Deuteronomy_2,0.164383562,0.057729941,0.107632094,0.074363992,0.04109589,0.012720157,0.000978474,0.001956947,4.022504892,0.27592955,211.76,44.2566775,0.229923922,0.125950972,0.038038884,0.031276416,0.081994928,0.711350294,0.249510763,0.039138943,25,91,0,0,21,21,2,2,2,0,0,0,26,17,172,137,92,19,9,10,25,35,11,12,29,57,68,64,6,13,14,17,6,8,7,7,9,20,26,32,12,4,7,47,47,21,6,3,9,16,7,7,14,7,14,14,2,16,11,14,16,3,17,24,14,9,11,9,25,10,9,21,29,17,11,12,3,10,17,34,28,40,13,6,9,16,16,18,21,21,12,12,17,7,7,26,14,8,15,10,7,7,20,11
155,Deuteronomy_3,0.140931373,0.074754902,0.109068627,0.091911765,0.037990196,0.013480392,0,0.00245098,4.034313725,0.318627451,184.5217391,39.02216953,0.238947368,0.125263158,0.034736842,0.033684211,0.072631579,0.697303922,0.273284314,0.029411765,23,83,0,2,11,12,4,2,2,0,0,0,8,7,123,90,73,13,19,9,11,20,5,10,18,55,69,64,4,12,10,6,4,5,6,6,6,11,13,37,9,3,5,37,37,14,12,6,4,4,8,12,20,9,8,8,1,10,13,18,23,6,33,14,12,7,6,5,11,11,8,12,28,15,8,9,5,6,17,30,26,36,14,9,8,16,15,20,6,12,20,16,16,12,14,29,7,8,16,8,13,21,10,5
156,Deuteronomy_4,0.131648936,0.067819149,0.119680851,0.128324468,0.05518617,0.011303191,0,0.000664894,4.051861702,0.249335106,279.0357143,43.3993288,0.235739232,0.129220023,0.045983702,0.031431898,0.067520373,0.704787234,0.260638298,0.034574468,28,147,0,5,13,17,3,1,1,0,0,0,30,43,285,197,136,23,22,18,22,42,18,42,32,90,102,88,25,31,4,16,10,16,16,21,21,23,35,51,23,9,16,58,57,28,29,4,21,9,5,15,28,33,17,30,5,26,35,47,43,10,32,15,31,24,11,12,32,34,16,39,30,33,18,11,11,13,23,29,25,45,25,8,14,19,28,45,12,22,14,17,17,13,20,34,5,15,20,30,27,22,16,19
157,Deuteronomy_5,0.119305857,0.057483731,0.127982646,0.130151844,0.062906725,0.017353579,0.001084599,0.001084599,3.869848156,0.287418655,177.7692308,33.35371977,0.228219697,0.132575758,0.046401515,0.03125,0.089015152,0.760303688,0.207158351,0.032537961,26,80,1,2,13,6,0,2,2,0,0,0,19,16,204,126,78,9,7,7,11,29,9,17,12,48,58,49,18,27,4,18,13,17,20,23,11,8,12,26,3,6,13,34,34,25,17,6,13,15,11,7,29,17,10,13,3,11,28,35,31,9,20,4,16,8,10,6,20,15,18,13,13,9,20,12,1,4,10,17,15,25,22,7,13,10,15,22,15,25,14,22,17,7,20,28,2,6,17,21,24,20,21,13
158,Deuteronomy_6,0.114906832,0.079192547,0.090062112,0.158385093,0.065217391,0.013975155,0.004658385,0,4.00621118,0.302795031,221.6,35.20551381,0.225201072,0.134048257,0.068364611,0.026809651,0.073726542,0.718944099,0.245341615,0.035714286,15,70,0,1,7,6,0,1,1,0,0,0,9,19,131,77,51,14,3,2,9,33,8,11,12,49,67,58,9,15,2,7,7,8,20,25,5,4,9,31,7,4,5,16,15,12,9,5,4,6,2,10,14,7,2,10,8,12,11,17,15,7,18,3,13,14,3,3,12,20,6,24,5,4,5,10,7,1,14,5,6,20,14,4,9,8,8,12,5,3,12,11,9,7,18,21,,7,9,19,19,18,6,12
159,Deuteronomy_7,0.097156398,0.078199052,0.098341232,0.143364929,0.07464455,0.013033175,0,0,4.146919431,0.302132701,234.7894737,38.35756129,0.229491173,0.141225337,0.070612669,0.023883697,0.083073728,0.699052133,0.271327014,0.029620853,19,70,0,1,17,13,0,0,0,0,0,0,3,16,205,135,69,21,7,9,10,45,13,13,8,52,59,54,3,15,,21,8,13,28,29,14,8,14,36,10,8,10,17,17,12,14,6,7,9,2,7,20,15,9,20,13,9,14,18,15,8,23,3,22,9,14,8,8,19,8,14,19,19,14,11,5,5,13,18,18,31,13,4,5,14,6,11,25,15,10,2,13,10,33,36,,5,17,27,35,33,16,10
160,Deuteronomy_8,0.097001764,0.077601411,0.088183422,0.164021164,0.059964727,0.019400353,0.003527337,0,4.100529101,0.379188713,247.75,41.14383699,0.275384615,0.138461538,0.061538462,0.027692308,0.052307692,0.686067019,0.278659612,0.035273369,12,58,0,0,2,12,0,0,0,0,0,0,11,13,118,65,35,6,4,3,8,31,9,13,9,40,55,50,7,15,10,6,3,5,18,20,8,12,12,28,1,5,4,17,17,7,3,3,7,7,1,6,10,15,8,9,2,11,14,17,18,4,9,2,17,9,,7,10,15,9,24,3,13,5,5,3,2,9,4,4,13,10,4,7,10,12,16,2,4,4,3,7,3,11,8,,2,4,18,11,11,10,8
161,Deuteronomy_9,0.127593361,0.062240664,0.104771784,0.101659751,0.040456432,0.011410788,0.002074689,0.002074689,4.116182573,0.280082988,202.52,46.05758696,0.220091324,0.148858447,0.056621005,0.0456621,0.072146119,0.69813278,0.256224066,0.045643154,25,83,1,0,14,9,2,0,0,0,0,0,12,18,182,129,90,18,9,5,28,30,12,16,17,56,66,58,6,21,12,15,9,11,14,14,19,21,34,30,4,5,3,31,32,19,7,6,15,15,10,14,35,11,7,18,,9,13,17,22,7,7,9,31,20,9,8,17,12,8,21,14,14,13,13,3,3,25,17,12,35,17,8,12,4,8,10,19,16,6,5,26,1,3,9,2,12,17,19,3,3,13,8
162,Deuteronomy_10,0.157024793,0.076033058,0.125619835,0.07768595,0.036363636,0.008264463,0,0.001652893,3.963636364,0.352066116,162.5263158,35.95039298,0.251445087,0.12283237,0.052023121,0.018786127,0.063583815,0.732231405,0.231404959,0.036363636,19,55,0,1,4,7,0,0,0,0,0,0,17,12,121,92,68,7,7,5,10,25,5,15,8,45,52,47,8,15,4,7,5,5,5,5,4,9,13,29,4,9,4,25,24,9,6,1,5,5,2,10,15,13,10,15,2,10,7,11,13,1,5,5,28,4,12,5,20,8,5,9,13,2,8,8,2,5,17,18,16,32,14,4,9,14,11,17,5,7,7,5,8,4,4,6,4,6,12,7,5,4,8,6
163,Deuteronomy_11,0.132492114,0.076761304,0.107255521,0.125131441,0.05362776,0.014721346,0.001051525,0.001051525,3.945320715,0.282860147,284,37.61257372,0.224489796,0.121521336,0.04174397,0.031539889,0.096474954,0.730809674,0.234490011,0.034700315,17,90,0,1,10,9,0,0,0,0,0,0,22,26,159,120,86,18,6,6,8,26,7,19,16,64,95,85,9,16,10,12,5,9,12,15,8,9,15,41,11,3,7,31,30,14,21,3,6,8,1,17,12,22,10,15,9,17,16,20,19,9,31,10,18,18,4,9,20,19,8,33,17,20,7,15,6,12,23,19,17,40,7,7,12,15,21,23,11,8,14,28,9,12,20,35,5,11,13,22,21,20,11,15
164,Deuteronomy_12,0.106060606,0.069128788,0.101325758,0.144886364,0.060606061,0.027462121,0.002840909,0,4.0625,0.233901515,238.2173913,31.90409157,0.240134341,0.135180521,0.068849706,0.042821159,0.067170445,0.689393939,0.274621212,0.035984848,23,85,0,1,14,13,0,0,0,0,0,0,21,35,243,139,86,13,22,10,10,51,15,17,19,63,76,69,5,23,2,13,11,18,36,37,11,8,13,45,10,7,6,42,28,28,19,4,13,9,6,8,24,23,12,17,6,6,21,33,39,9,37,3,30,13,8,1,20,28,11,34,12,19,17,11,13,4,19,10,9,25,15,5,5,7,6,13,7,14,16,32,19,10,42,48,1,9,17,37,42,42,21,8
165,Deuteronomy_13,0.128980892,0.074840764,0.108280255,0.141719745,0.050955414,0.017515924,0.001592357,0.001592357,3.957006369,0.328025478,320.9,36.02148273,0.217630854,0.139118457,0.055096419,0.038567493,0.063360882,0.702229299,0.277070064,0.020700637,10,73,0,0,4,12,0,0,0,0,0,0,3,7,124,87,54,9,7,7,3,16,13,12,9,36,42,40,11,13,3,9,7,10,15,17,10,3,3,25,5,2,15,33,34,24,13,5,7,6,5,8,13,21,8,6,5,9,10,14,10,5,18,5,12,7,6,4,7,9,2,15,8,15,11,10,6,6,14,8,9,23,10,6,3,15,6,11,1,15,8,6,12,7,23,20,5,6,12,18,24,23,10,8
166,Deuteronomy_14,0.090267983,0.100141044,0.152327221,0.135401975,0.055007052,0.026798307,0,0,3.90832158,0.313117066,199.6111111,26.71180065,0.237864078,0.104368932,0.061893204,0.033980583,0.047330097,0.713681241,0.2651622,0.021156559,18,72,0,0,14,9,0,1,1,0,0,0,9,11,168,111,88,13,8,7,1,50,15,7,7,62,58,59,7,18,2,10,5,8,18,19,4,16,18,43,2,5,9,19,19,15,18,7,6,11,2,13,12,11,4,12,5,8,17,25,28,10,25,12,20,3,9,2,12,6,7,11,14,10,11,3,3,4,8,10,12,17,16,2,2,8,6,11,2,23,10,3,12,6,29,25,1,1,6,17,31,29,20,4
167,Deuteronomy_15,0.118644068,0.063559322,0.087570621,0.168079096,0.053672316,0.026836158,0,0,4.002824859,0.298022599,191,44.49083955,0.239648683,0.13174404,0.104140527,0.047678795,0.053952321,0.700564972,0.274011299,0.025423729,19,45,0,0,13,12,0,0,0,0,0,0,15,18,172,82,46,18,8,8,7,33,14,16,13,36,44,44,14,14,3,10,6,6,33,35,10,9,12,17,2,7,4,20,20,17,10,13,7,4,6,3,18,17,9,8,10,9,10,12,16,15,22,3,10,10,6,6,13,3,9,11,18,7,11,6,1,10,7,17,17,23,15,5,5,17,9,14,,20,7,3,12,5,38,23,3,,14,33,41,38,16,5
168,Deuteronomy_16,0.11814346,0.05625879,0.139240506,0.129395218,0.035161744,0.014064698,0,0,4.151898734,0.268635724,208.1111111,30.35709023,0.307788945,0.100502513,0.077889447,0.02638191,0.013819095,0.64697609,0.317862166,0.035161744,18,47,0,0,15,6,0,0,0,0,0,0,24,21,192,107,78,8,8,7,7,50,7,4,11,42,43,42,4,18,1,11,8,11,37,38,7,8,12,27,2,11,2,29,27,15,11,2,11,13,4,7,25,18,10,10,2,9,9,13,18,2,20,1,21,22,9,9,22,9,11,16,12,13,6,6,4,10,8,9,8,16,6,,3,3,3,6,,3,9,,8,8,38,21,1,4,12,35,38,38,8,3
169,Deuteronomy_17,0.11299435,0.072033898,0.128531073,0.148305085,0.080508475,0.02259887,0.002824859,0.001412429,4.084745763,0.314971751,308.0833333,35.76036292,0.225526642,0.136307311,0.02850062,0.039653036,0.065675341,0.685028249,0.281073446,0.033898305,12,67,0,0,15,6,0,0,0,0,0,0,13,12,144,90,65,17,14,15,6,26,5,20,11,44,46,41,8,14,1,15,8,7,16,16,9,5,8,22,4,5,3,20,20,12,17,4,5,8,3,8,13,11,6,8,9,11,25,28,27,6,28,2,15,6,6,5,13,8,10,16,9,12,14,4,1,9,26,9,10,34,16,6,5,18,12,18,3,14,6,1,11,11,38,34,3,5,20,15,43,38,15,8
170,Deuteronomy_18,0.135620915,0.058823529,0.135620915,0.109477124,0.078431373,0.024509804,0,0,3.982026144,0.326797386,173.7777778,37.74492223,0.220779221,0.122655123,0.041847042,0.028860029,0.073593074,0.712418301,0.248366013,0.039215686,18,52,0,1,5,5,0,0,0,0,0,0,11,12,122,83,57,9,6,6,3,16,4,10,9,24,23,24,6,16,,12,5,5,9,9,7,7,8,11,2,7,13,30,28,22,12,5,7,5,6,6,6,11,5,10,6,7,13,19,15,4,26,1,16,4,8,11,15,11,3,16,13,11,7,9,4,1,11,13,14,25,14,2,10,17,11,13,5,18,9,1,12,7,23,32,2,4,10,9,26,23,15,10
171,Deuteronomy_19,0.118226601,0.060755337,0.11001642,0.124794745,0.0591133,0.024630542,0,0.001642036,4.068965517,0.349753695,264.5,40.39688728,0.242120344,0.127507163,0.047277937,0.037249284,0.065902579,0.692939245,0.277504105,0.02955665,12,60,0,0,7,10,0,0,0,0,0,0,14,15,118,72,51,11,1,2,5,24,12,18,7,36,44,38,3,22,6,9,9,5,14,12,7,14,16,23,2,3,3,15,14,13,8,4,3,10,1,10,10,12,2,6,5,8,10,16,12,3,17,9,22,9,7,6,25,10,10,19,5,6,5,6,2,4,13,5,9,20,11,1,4,21,12,16,2,14,2,5,13,3,23,17,,2,7,10,24,23,9,7
172,Deuteronomy_20,0.106646059,0.078825348,0.109737249,0.14683153,0.075734158,0.029366306,0.001545595,0,4.030911901,0.321483771,257.6153846,43.45918572,0.220726783,0.146702557,0.041722746,0.044414536,0.087483176,0.704791345,0.273570325,0.021638331,13,62,0,4,8,6,0,1,1,0,0,0,8,15,131,96,51,13,5,5,6,20,4,11,14,46,42,42,7,17,3,8,5,6,17,23,8,8,8,21,,2,7,21,19,12,6,9,6,3,5,1,24,15,8,7,5,15,15,27,21,17,17,9,16,19,11,7,8,13,17,16,18,7,4,7,1,2,9,18,18,27,31,7,6,12,7,17,9,7,7,5,12,6,24,20,1,3,12,18,25,24,14,3
173,Deuteronomy_21,0.102459016,0.076502732,0.118852459,0.12295082,0.102459016,0.025956284,0.004098361,0,3.920765027,0.321038251,369.6,40.89187578,0.194444444,0.164251208,0.047101449,0.032608696,0.094202899,0.709016393,0.267759563,0.023224044,10,57,0,0,12,14,0,1,1,0,0,0,18,20,122,80,65,24,6,10,13,21,17,35,17,53,55,52,5,11,3,10,2,5,16,18,9,9,10,24,9,9,8,26,24,12,11,5,6,2,2,10,13,30,2,7,11,8,19,31,19,6,32,5,12,8,2,13,17,5,9,18,13,24,7,10,11,3,9,13,14,23,6,9,8,23,14,25,5,8,6,4,30,4,32,34,5,8,13,16,38,33,15,4
174,Deuteronomy_22,0.116201117,0.079329609,0.116201117,0.100558659,0.058100559,0.032402235,0,0.001117318,3.860335196,0.262569832,224,44.12309507,0.225900682,0.127555988,0.049659202,0.052580331,0.082765336,0.730726257,0.251396648,0.017877095,20,68,0,0,18,13,0,0,0,0,0,0,19,24,155,110,68,25,15,17,9,21,20,36,16,60,50,55,2,33,3,24,18,19,28,33,12,16,9,34,10,11,3,24,24,15,6,6,4,12,4,10,20,48,4,8,13,7,15,23,15,5,24,6,21,12,5,23,15,6,29,10,15,25,4,5,9,5,16,15,14,24,13,4,10,21,16,21,8,13,4,3,10,8,38,25,5,15,14,28,46,38,23,1
175,Deuteronomy_23,0.147230321,0.042274052,0.10787172,0.137026239,0.058309038,0.040816327,0,0,4.106413994,0.33090379,188.4736842,45.77126244,0.266318538,0.122715405,0.057441253,0.05613577,0.050913838,0.680758017,0.288629738,0.030612245,19,33,0,0,13,14,0,0,0,0,0,0,16,24,151,82,53,15,10,10,8,18,6,10,20,18,17,16,3,19,6,11,9,11,31,31,12,11,14,4,16,2,9,30,28,18,16,6,7,3,,4,12,10,5,10,5,9,11,12,13,8,19,13,8,14,7,12,24,4,7,18,12,18,14,4,3,4,10,10,21,31,7,2,,11,5,12,1,16,3,3,7,4,36,23,11,2,19,31,36,36,25,15
176,Deuteronomy_24,0.118768328,0.055718475,0.112903226,0.126099707,0.080645161,0.019061584,0,0,3.938416422,0.315249267,192,50.82412478,0.227979275,0.146373057,0.053108808,0.034974093,0.084196891,0.709677419,0.260997067,0.029325513,18,46,0,0,17,7,0,0,0,0,0,0,18,16,116,74,58,20,6,4,7,16,13,25,15,35,42,42,2,18,4,13,3,6,22,26,12,21,23,21,3,15,5,18,18,10,10,9,6,7,,8,20,30,4,6,16,7,13,19,16,12,19,6,15,11,5,12,15,4,15,14,6,29,20,5,2,6,19,5,6,24,7,1,4,23,18,23,1,23,2,1,10,6,31,21,2,3,6,22,36,31,15,5
177,Deuteronomy_25,0.113676732,0.065719361,0.108348135,0.110124334,0.079928952,0.035523979,0,0,3.968028419,0.360568384,179.6875,41.88209658,0.205287714,0.143079316,0.051321928,0.043545879,0.087091757,0.717584369,0.264653641,0.017761989,16,47,0,0,5,5,0,0,0,0,0,0,11,15,88,70,42,18,2,1,5,11,11,17,17,37,43,39,4,15,3,13,3,3,10,15,9,8,11,25,1,6,9,17,15,9,7,5,7,11,3,5,12,26,4,7,8,10,13,16,17,7,22,4,7,5,3,10,11,7,8,10,14,16,2,7,1,2,15,12,12,25,10,4,4,27,15,16,2,3,4,,10,5,22,22,,1,8,9,27,22,14,6
178,Deuteronomy_26,0.116766467,0.098802395,0.110778443,0.109281437,0.061377246,0.008982036,0,0.001497006,4.071856287,0.312874251,348.2,33.81543627,0.242146597,0.141361257,0.064136126,0.015706806,0.061518325,0.717065868,0.238023952,0.04491018,10,73,0,0,10,4,0,0,0,0,0,0,10,8,134,79,54,13,8,6,15,44,13,10,16,65,77,67,7,23,3,13,11,16,20,22,5,6,12,48,2,7,2,14,17,10,4,6,6,5,3,13,15,17,8,9,5,7,11,19,13,6,13,2,16,15,6,7,13,16,5,13,17,3,3,11,2,2,15,17,18,33,17,3,13,10,14,16,3,5,10,11,29,7,15,12,3,3,18,17,15,14,4,10
179,Deuteronomy_27,0.085,0.086666667,0.13,0.13,0.065,0.006666667,0.001666667,0,4.125,0.295,96.12121212,35.3785038,0.261802575,0.150214592,0.030042918,0.014306152,0.048640916,0.653333333,0.321666667,0.025,33,54,0,0,5,5,0,0,0,0,0,0,4,7,115,79,64,20,5,,16,25,14,14,7,51,58,53,1,27,2,11,9,9,13,13,1,,3,32,9,,7,22,18,11,22,3,5,6,17,5,7,15,6,5,15,7,16,17,18,3,37,3,16,1,2,3,5,5,5,10,8,14,3,,,5,6,10,7,12,7,14,3,12,19,19,5,3,21,2,2,18,30,37,2,6,6,15,30,30,2,8
180,Deuteronomy_28,0.121387283,0.081406551,0.09344894,0.142581888,0.080924855,0.015414258,0.001926782,0,4.104527938,0.213391137,205.1132075,35.42966953,0.249468763,0.130471738,0.071398215,0.028899278,0.039524012,0.673410405,0.29672447,0.029865125,53,167,2,0,30,25,0,0,0,0,0,0,44,49,459,270,169,66,23,22,28,89,18,45,35,155,176,170,22,34,12,34,24,32,82,87,14,23,27,89,20,25,36,78,77,65,45,20,25,23,3,24,41,48,21,22,45,18,19,23,29,11,112,11,69,24,18,16,49,35,14,41,36,38,28,30,15,23,45,35,28,62,40,15,14,20,22,27,13,26,31,3,20,35,139,119,3,16,27,86,147,139,40,33
181,Deuteronomy_29,0.142018779,0.077464789,0.111502347,0.112676056,0.057511737,0.019953052,0,0,3.971830986,0.32629108,435.4,39.20208756,0.21090535,0.130658436,0.03600823,0.029835391,0.089506173,0.735915493,0.240610329,0.023474178,10,84,0,2,15,8,0,1,1,0,0,0,17,17,156,102,72,12,8,10,9,23,16,22,23,63,70,61,10,24,5,15,11,13,4,5,8,8,13,39,8,3,6,34,34,18,11,5,6,14,7,11,19,15,9,17,4,11,24,30,30,6,25,10,19,7,8,4,22,15,12,20,20,15,5,11,3,10,19,19,22,40,10,6,4,15,27,33,11,11,14,15,16,8,11,25,5,11,16,7,14,11,11,11
182,Deuteronomy_30,0.112612613,0.09009009,0.09009009,0.172672673,0.057057057,0.007507508,0.001501502,0,3.906906907,0.267267267,305.3636364,34.81585811,0.243741765,0.126482213,0.080368906,0.019762846,0.060606061,0.764264264,0.211711712,0.024024024,11,69,0,2,8,4,0,0,0,0,0,0,13,18,161,84,42,6,8,8,4,41,7,19,8,53,67,62,12,12,2,17,6,12,19,21,5,7,11,32,6,6,4,12,11,13,7,10,7,5,2,13,14,14,2,7,2,18,20,23,20,15,20,5,18,13,5,,13,11,11,14,10,13,11,12,4,9,17,10,11,28,14,1,7,11,18,24,4,7,12,1,8,14,13,31,1,1,10,21,15,13,4,11
183,Deuteronomy_31,0.129558541,0.075815739,0.108445298,0.110364683,0.078694818,0.011516315,0,0.002879079,3.958733205,0.25815739,212.28,44.0328794,0.206925676,0.153716216,0.03125,0.027871622,0.086993243,0.722648752,0.249520154,0.027831094,25,91,0,2,13,12,0,0,0,0,0,0,22,23,197,154,89,30,9,14,12,33,3,17,18,77,86,81,17,16,2,28,12,13,8,8,4,17,27,38,5,6,4,45,44,25,14,12,7,23,11,16,20,16,6,22,13,15,21,24,22,13,29,14,30,9,12,12,26,18,12,22,22,20,13,17,9,3,15,22,23,37,14,4,8,5,15,20,25,15,12,14,14,14,19,43,7,12,15,10,19,19,14,21
184,Deuteronomy_32,0.140015302,0.064269319,0.096403979,0.087222647,0.068094874,0.018362663,0.001530222,0.000765111,4.055853099,0.345830145,179.2105263,39.78467773,0.226490066,0.144370861,0.040397351,0.030463576,0.102649007,0.698546289,0.263198164,0.038255547,38,115,1,6,22,21,1,0,0,0,0,0,19,24,214,176,112,19,17,19,28,34,10,38,17,78,86,84,11,36,7,48,24,30,13,15,9,24,20,50,17,11,8,67,66,27,20,3,10,17,12,13,24,25,12,21,5,13,18,23,27,5,23,9,26,11,21,11,23,20,12,23,16,30,13,10,7,14,23,17,14,37,13,3,17,33,25,48,21,18,11,12,17,7,16,40,10,20,11,9,24,17,20,9
185,Deuteronomy_33,0.152605459,0.079404467,0.110421836,0.081885856,0.055831266,0.009925558,0.00248139,0.001240695,4.049627792,0.358560794,167.8,34.31700275,0.230439443,0.126473741,0.053590568,0.017148982,0.092175777,0.702233251,0.263027295,0.034739454,25,68,1,0,17,16,0,0,0,0,0,0,14,16,147,106,99,20,15,9,15,19,12,37,11,63,73,64,4,22,4,12,11,12,9,10,3,20,20,29,10,6,6,52,51,23,26,,1,7,22,17,10,14,7,11,11,5,7,8,11,,22,6,18,6,10,6,14,6,3,10,9,7,13,5,2,5,7,11,7,11,9,2,12,40,26,34,6,15,5,1,8,7,20,27,7,16,6,5,24,21,6,7
186,Deuteronomy_34,0.186915888,0.08411215,0.121495327,0.068535826,0.024922118,0.018691589,0.003115265,0,3.825545171,0.439252336,176.7777778,32.17110721,0.241758242,0.115384615,0.057692308,0.024725275,0.046703297,0.738317757,0.249221184,0.012461059,9,29,0,0,5,1,1,0,0,0,0,0,12,5,46,38,36,1,4,3,8,14,,3,3,24,35,31,2,2,3,3,1,2,1,1,2,4,4,13,2,,,23,23,4,6,3,3,3,2,3,3,3,3,5,,4,2,2,3,2,11,4,3,3,2,2,10,5,2,5,12,3,1,2,4,7,9,13,12,20,1,4,4,12,8,10,,5,9,1,4,5,1,11,5,5,7,1,3,1,5,1
